--DROP DATABASE ProjectManagement;

--CREATE DATABASE ProjectManagement;
--GO

--USE ProjectManagement;
--GO

-- DROP TABLE FieldTechnology, FavoriteProject, FavoriteTask, FavoriteNotification, GiveUp, TaskStudent, ProjectTechnology, ViewNotification, Notification, JoinTeam, Evaluation, Comment, Meeting, Task, Team, Project, Technology, Field, Users;

CREATE TABLE Users (
    userId VARCHAR(20),
    userName VARCHAR(50) NOT NULL,
    fullName NVARCHAR(255) NOT NULL,
    password VARCHAR(50) NOT NULL,
    email VARCHAR(50) NOT NULL,
    phoneNumber VARCHAR(15) NOT NULL,
    dateOfBirth DATETIME NOT NULL,
    citizenCode VARCHAR(20) NOT NULL,
    university NVARCHAR(100) NOT NULL,
    faculty NVARCHAR(100) NOT NULL,
	workCode VARCHAR(20) NOT NULL,
    gender NVARCHAR(10) NOT NULL,
    avatar VARCHAR(30) NOT NULL,
	role VARCHAR(20) NOT NULL,
	joinAt DATETIME NOT NULL,
    CONSTRAINT PK_User PRIMARY KEY (userId)
);

CREATE TABLE Field (
    fieldId VARCHAR(20),
    name NVARCHAR(100) NOT NULL,
    CONSTRAINT PK_Field PRIMARY KEY (fieldId)
);

CREATE TABLE Technology (
    technologyId VARCHAR(20),
    name NVARCHAR(100) NOT NULL,
    CONSTRAINT PK_Technology PRIMARY KEY (technologyId)
);

CREATE TABLE Project (
    projectId VARCHAR(20),
    instructorId VARCHAR(20) NOT NULL,
    topic NVARCHAR(255) NOT NULL,
    description NTEXT NOT NULL,
    feature NTEXT NOT NULL,
    requirement NTEXT NOT NULL,
    maxMember INT NOT NULL,
	status VARCHAR(20) NOT NULL,
	createdAt DATETIME NOT NULL,
	createdBy VARCHAR(20) NOT NULL,
	fieldId VARCHAR(20) NOT NULL,
    CONSTRAINT PK_Project PRIMARY KEY (projectId),
    CONSTRAINT FK_ProjectLecture FOREIGN KEY (instructorId) REFERENCES Users(userId),
	CONSTRAINT FK_ProjectField FOREIGN KEY (fieldId) REFERENCES Field(fieldId)
);

CREATE TABLE Team (
    teamId VARCHAR(20),
    teamName NVARCHAR(100) NOT NULL,
    avatar VARCHAR(30) NOT NULL,
    createdAt DATETIME NOT NULL,
    createdBy VARCHAR(20) NOT NULL,
	projectId VARCHAR(20) NOT NULL,
	status VARCHAR(20) NOT NULL,
    CONSTRAINT PK_Team PRIMARY KEY (teamId),
    CONSTRAINT FK_TeamStudent FOREIGN KEY (createdBy) REFERENCES Users(userId),
	CONSTRAINT FK_TeamProject FOREIGN KEY (projectId) REFERENCES Project(projectId)
);

CREATE TABLE Task (
    taskId VARCHAR(20),
	startAt DATETIME NOT NULL,
	endAt DATETIME NOT NULL,
    title NTEXT NOT NULL,
    description NTEXT NOT NULL,
    progress REAL NOT NULL,
    priority VARCHAR(20) NOT NULL,
	createdAt DATETIME NOT NULL,
	createdBy VARCHAR(20) NOT NULL,
	projectId VARCHAR(20) NOT NULL,
    CONSTRAINT PK_Task PRIMARY KEY (taskId),
	CONSTRAINT FK_TaskUser FOREIGN KEY (createdBy) REFERENCES Users(userId),
	CONSTRAINT FK_TaskProject FOREIGN KEY (projectId) REFERENCES Project(projectId)
);

CREATE TABLE Meeting (
    meetingId VARCHAR(20),
    title NTEXT NOT NULL,
    description NTEXT NOT NULL,
    startAt DATETIME NOT NULL,
    location NTEXT NOT NULL,
    link TEXT NOT NULL,
	createdAt DATETIME NOT NULL,
	createdBy VARCHAR(20) NOT NULL,
	projectId VARCHAR(20) NOT NULL,
    CONSTRAINT PK_Meeting PRIMARY KEY (meetingId),
	CONSTRAINT FK_MeetingUser FOREIGN KEY (createdBy) REFERENCES Users(userId),
	CONSTRAINT FK_MeetingProject FOREIGN KEY (projectId) REFERENCES Project(projectId)
);

CREATE TABLE Comment (
    commentId VARCHAR(20),
    content NTEXT NOT NULL,
	createdAt DATETIME NOT NULL,
	createdBy VARCHAR(20) NOT NULL,
	taskId VARCHAR(20) NOT NULL,
    CONSTRAINT PK_Comment PRIMARY KEY (commentId),
	CONSTRAINT FK_CommentUser FOREIGN KEY (createdBy) REFERENCES Users(userId),
	CONSTRAINT FK_CommentTask FOREIGN KEY (taskId) REFERENCES Task(taskId)
);

CREATE TABLE Evaluation (
    evaluationId VARCHAR(20),
    content NTEXT NOT NULL,
    completionRate REAL NOT NULL,
    score REAL NOT NULL,
    evaluated BIT NOT NULL,
	createdAt DATETIME NOT NULL,
	createdBy VARCHAR(20) NOT NULL,
	studentId VARCHAR(20) NOT NULL,
	taskId VARCHAR(20) NOT NULL,
    PRIMARY KEY (evaluationId),
	CONSTRAINT PK_Evaluation FOREIGN KEY (createdBy) REFERENCES Users(userId),
	CONSTRAINT FK_EvaluationStudent FOREIGN KEY (studentId) REFERENCES Users(userId),
	CONSTRAINT FK_EvaluationTask FOREIGN KEY (taskId) REFERENCES Task(taskId)
);

CREATE TABLE Notification (
    notificationId VARCHAR(20),
    title NTEXT NOT NULL,
    content NTEXT NOT NULL,
    type VARCHAR(20) NOT NULL,
    createdAt DATETIME NOT NULL,
    CONSTRAINT PK_Notification PRIMARY KEY (notificationId)
);

CREATE TABLE JoinTeam (
	teamId VARCHAR(20),
	studentId VARCHAR(20),
	role VARCHAR(20) NOT NULL,
	joinAt DATETIME NOT NULL,
	CONSTRAINT PK_JoinTeam PRIMARY KEY (teamId, studentId),
	CONSTRAINT FK_JT_Team FOREIGN KEY (teamId) REFERENCES Team(teamId),
	CONSTRAINT FK_JT_Student FOREIGN KEY (studentId) REFERENCES Users(userId)
);

CREATE TABLE ViewNotification (
    userId VARCHAR(20),
    notificationId VARCHAR(20),
	seen BIT NOT NULL,
    CONSTRAINT PK_ViewNotification PRIMARY KEY (userId, notificationId),
    CONSTRAINT FK_VN_User FOREIGN KEY (userId) REFERENCES Users(userId),
    CONSTRAINT FK_VN_Notification FOREIGN KEY (notificationId) REFERENCES Notification(notificationId)
);

CREATE TABLE ProjectTechnology (
    projectId VARCHAR(20),
    technologyId VARCHAR(20),
    CONSTRAINT PK_ProjectTechnology PRIMARY KEY (projectId, technologyId),
    CONSTRAINT FK_PT_Project FOREIGN KEY (projectId) REFERENCES Project(projectId),
    CONSTRAINT FK_PT_Technology FOREIGN KEY (technologyId) REFERENCES Technology(technologyId)
);

CREATE TABLE TaskStudent (
    taskId VARCHAR(20),
    studentId VARCHAR(20),
    CONSTRAINT PK_TaskStudent PRIMARY KEY (taskId, studentId),
    CONSTRAINT FK_TS_Task FOREIGN KEY (taskId) REFERENCES Task(taskId),
    CONSTRAINT FK_TS_Student FOREIGN KEY (studentId) REFERENCES Users(userId)
);

CREATE TABLE GiveUp (
	projectId VARCHAR(20),
	userId VARCHAR(20),
	reason NTEXT NOT NULL,
	createdAt DATETIME NOT NULL,
	status VARCHAR(20) NOT NULL,
	CONSTRAINT PK_GaveUp PRIMARY KEY (projectId),
	CONSTRAINT FK_GU_Project FOREIGN KEY (projectId) REFERENCES Project(projectId),
	CONSTRAINT FK_GU_User FOREIGN KEY (userId) REFERENCES Users(userId)
);

CREATE TABLE FavoriteProject (
	userId VARCHAR(20),
	projectId VARCHAR(20),
	CONSTRAINT PK_FavouriteProject PRIMARY KEY (userId, projectId),
	CONSTRAINT FK_FP_User FOREIGN KEY (userId) REFERENCES Users(userId),
	CONSTRAINT FK_FP_Project FOREIGN KEY (projectId) REFERENCES Project(projectId)
);

CREATE TABLE FavoriteTask (
	userId VARCHAR(20),
	taskId VARCHAR(20),
	CONSTRAINT PK_FavouriteTask PRIMARY KEY (userId, taskId),
	CONSTRAINT FK_FT_User FOREIGN KEY (userId) REFERENCES Users(userId),
	CONSTRAINT FK_FT_Task FOREIGN KEY (taskId) REFERENCES Task(taskId)
);

CREATE TABLE FavoriteNotification (
	userId VARCHAR(20),
	notificationId VARCHAR(20),
	CONSTRAINT PK_FavouriteNotification PRIMARY KEY (userId, notificationId),
	CONSTRAINT FK_FN_User FOREIGN KEY (userId) REFERENCES Users(userId),
	CONSTRAINT FK_FN_Notification FOREIGN KEY (notificationId) REFERENCES Notification(notificationId)
);

CREATE TABLE FieldTechnology (
    fieldId VARCHAR(20),
    technologyId VARCHAR(20),
    CONSTRAINT PK_FieldTechnology PRIMARY KEY (fieldId, technologyId),
    CONSTRAINT FK_FT_Field FOREIGN KEY (fieldId) REFERENCES Field(fieldId),
    CONSTRAINT FK_FT_Technology FOREIGN KEY (technologyId) REFERENCES Technology(technologyId)
);


-- Insert data into Users table with role Lecture
INSERT INTO Users (userId, userName, fullName, password, email, phoneNumber, dateOfBirth, citizenCode, university, faculty, workCode, gender, avatar, role, joinAt)
VALUES 
    ('242200001', 'DavidLee', 'David Lee', 'abc', 'david@gmail.com', '0375676599', '1995-03-15', '072352117212', 'HCM City University of Technology and Education', 'Faculty of Information Technology', 'PML22110001', 'Male', 'PicAvatarOne', 'Lecture', GETDATE()),
    ('242200002', 'AliceJ', 'Alice Johnson', 'abc', 'alice@gmail.com', '0652145893', '1994-08-22', '095216398243', 'HCM City University of Technology and Education', 'Faculty of Information Technology', 'PML22110002', 'Female', 'PicAvatarTwo', 'Lecture', GETDATE()),
    ('242200003', 'JohnS', 'John Smith', 'abc', 'john@gmail.com', '0845763214', '1996-12-10', '093578641325', 'HCM City University of Technology and Education', 'Faculty of Information Technology', 'PML22110003', 'Male', 'PicAvatarThree', 'Lecture', GETDATE()),
    ('242200004', 'EmilyB', 'Emily Brown', 'abc', 'emily@gmail.com', '0213546879', '1993-05-29', '086547932156', 'HCM City University of Technology and Education', 'Faculty of Information Technology', 'PML22110004', 'Female', 'PicAvatarFour', 'Lecture', GETDATE()),
    ('242200005', 'MichaelD', 'Michael Davis', 'abc', 'michael@gmail.com', '0397546821', '1997-09-17', '073859216843', 'HCM City University of Technology and Education', 'Faculty of Information Technology', 'PML22110005', 'Male', 'PicAvatarFive', 'Lecture', GETDATE()),
    ('242200006', 'SophiaT', 'Sophia Taylor', 'abc', 'sophia@gmail.com', '0874651239', '1992-11-05', '094621837595', 'HCM City University of Technology and Education', 'Faculty of Information Technology', 'PMLL22110006', 'Female', 'PicAvatarSix', 'Lecture', GETDATE()),
    ('242200007', 'WilliamC', 'William Clark', 'abc', 'william@gmail.com', '0987543210', '1998-02-25', '085239614780', 'HCM City University of Technology and Education', 'Faculty of Information Technology', 'PML22110007', 'Male', 'PicAvatarSeven', 'Lecture', GETDATE()),
    ('242200008', 'OliviaM', 'Olivia Martinez', 'abc', 'olivia@gmail.com', '0239654781', '1991-07-08', '092763514789', 'HCM City University of Technology and Education', 'Faculty of Information Technology', 'PML22110008', 'Female', 'PicAvatarEight', 'Lecture', GETDATE()),
    ('242200009', 'DanielA', 'Daniel Anderson', 'abc', 'daniel@gmail.com', '0946582713', '1999-04-12', '083715932641', 'HCM City University of Technology and Education', 'Faculty of Information Technology', 'PML22110009', 'Male', 'PicAvatarNine', 'Lecture', GETDATE()),
    ('242200010', 'IsabellaW', 'Isabella Wilson', 'abc', 'isabella@gmail.com', '0357894216', '1990-10-03', '096347812530', 'HCM City University of Technology and Education', 'Faculty of Information Technology', 'PML22110010', 'Female', 'PicAvatarTen', 'Lecture', GETDATE());

-- Insert data into Users table with role Student
INSERT INTO Users (userId, userName, fullName, password, email, phoneNumber, dateOfBirth, citizenCode, university, faculty, workCode, gender, avatar, role, joinAt)
VALUES 
    ('243300001', 'EmmaW', 'Emma Watson', 'abc', 'emma@gmail.com', '0976523421', '2003-03-15', '093482139832', 'HCM City University of Technology and Education', 'Faculty of Information Technology', 'PMS22110001', 'Female', 'PicAvatarSix', 'Student', GETDATE()),
    ('243300002', 'ChrisEvans', 'Chris Evans', 'abc', 'chris@gmail.com', '0654321987', '2002-08-22', '096321587439', 'HCM City University of Technology and Education', 'Faculty of Information Technology', 'PMS22110002', 'Male', 'PicAvatarFive', 'Student', GETDATE()),
    ('243300003', 'ScarlettJ', 'Scarlett Johansson', 'abc', 'scarlett@gmail.com', '0845672310', '2004-12-10', '093654827615', 'HCM City University of Technology and Education', 'Faculty of Information Technology', 'PMS22110003', 'Female', 'PicAvatarTwo', 'Student', GETDATE()),
    ('243300004', 'TomH', 'Tom Holland', 'abc', 'tom@gmail.com', '0213546789', '2003-05-29', '096527384519', 'HCM City University of Technology and Education', 'Faculty of Information Technology', 'PMS22110004', 'Male', 'PicAvatarThree', 'Student', GETDATE()),
    ('243300005', 'Zendaya', 'Zendaya', 'abc', 'zendaya@gmail.com', '0397546821', '2003-09-17', '093741258639', 'HCM City University of Technology and Education', 'Faculty of Information Technology', 'PMS22110005', 'Female', 'PicAvatarFour', 'Student', GETDATE()),
    ('243300006', 'RobertDJ', 'Robert Downey Jr.', 'abc', 'robert@gmail.com', '0874651239', '2002-11-05', '096374815236', 'HCM City University of Technology and Education', 'Faculty of Information Technology', 'PMS22110006', 'Male', 'PicAvatarSix', 'Student', GETDATE()),
    ('243300007', 'GalG', 'Gal Gadot', 'abc', 'gal@gmail.com', '0987543210', '2004-02-25', '095261398712', 'HCM City University of Technology and Education', 'Faculty of Information Technology', 'PMS22110007', 'Female', 'PicAvatarSeven', 'Student', GETDATE()),
    ('243300008', 'ChrisP', 'Chris Pratt', 'abc', 'chrisp@gmail.com', '0239654781', '2001-07-08', '093658274916', 'HCM City University of Technology and Education', 'Faculty of Information Technology', 'PMS22110008', 'Male', 'PicAvatarEight', 'Student', GETDATE()),
    ('243300009', 'BrieL', 'Brie Larson', 'abc', 'brie@gmail.com', '0946582713', '2003-04-12', '096347819520', 'HCM City University of Technology and Education', 'Faculty of Information Technology', 'PMS22110009', 'Female', 'PicAvatarNine', 'Student', GETDATE()),
    ('243300010', 'TomH', 'Tom Hiddleston', 'abc', 'tomh@gmail.com', '0357894216', '2002-10-03', '096347812530', 'HCM City University of Technology and Education', 'Faculty of Information Technology', 'PMS22110010', 'Male', 'PicAvatarTen', 'Student', GETDATE()),
    ('243300011', 'NatalieP', 'Natalie Portman', 'abc', 'natalie.portman@gmail.com', '0976523421', '2000-03-15', '093482139832', 'HCM City University of Technology and Education', 'Faculty of Information Technology', 'PMS22110011', 'Female', 'PicAvatarOne', 'Student', GETDATE()),
    ('243300012', 'BradP', 'Brad Pitt', 'abc', 'brad.pitt@gmail.com', '0654321987', '2001-08-22', '096321587439', 'HCM City University of Technology and Education', 'Faculty of Information Technology', 'PMS22110012', 'Male', 'PicAvatarTwo', 'Student', GETDATE()),
    ('243300013', 'AngelinaJ', 'Angelina Jolie', 'abc', 'angelina.jolie@gmail.com', '0845672310', '2003-12-10', '093654827615', 'HCM City University of Technology and Education', 'Faculty of Information Technology', 'PMS22110013', 'Female', 'PicAvatarTen', 'Student', GETDATE()),
    ('243300014', 'LeonardoD', 'Leonardo DiCaprio', 'abc', 'leonardo.dicaprio@gmail.com', '0213546789', '2000-05-29', '096527384519', 'HCM City University of Technology and Education', 'Faculty of Information Technology', 'PMS22110014', 'Male', 'PicAvatarEight', 'Student', GETDATE()),
    ('243300015', 'EmmaW', 'Emma Watson', 'abc', 'emma.watson@gmail.com', '0397546821', '2000-09-17', '093741258639', 'HCM City University of Technology and Education', 'Faculty of Information Technology', 'PMS22110015', 'Female', 'PicAvatarTen', 'Student', GETDATE()),
    ('243300016', 'ChrisH', 'Chris Hemsworth', 'abc', 'chris.hemsworth@gmail.com', '0874651239', '2001-11-05', '096374815236', 'HCM City University of Technology and Education', 'Faculty of Information Technology', 'PMS22110016', 'Male', 'PicAvatarOne', 'Student', GETDATE()),
    ('243300017', 'ScarlettJ', 'Scarlett Johansson', 'abc', 'scarlett.johansson@gmail.com', '0987543210', '2003-02-25', '095261398712', 'HCM City University of Technology and Education', 'Faculty of Information Technology', 'PMS22110017', 'Female', 'PicAvatarTwo', 'Student', GETDATE()),
	('243300018', 'MatthewMc', 'Matthew McConaughey', 'abc', 'matthew.mcconaughey@gmail.com', '0239654781', '2002-07-08', '093658274916', 'HCM City University of Technology and Education', 'Faculty of Information Technology', 'PMS22110018', 'Male', 'PicAvatarSix', 'Student',GETDATE()),
    ('243300019', 'BrieL', 'Brie Larson', 'abc', 'brie.larson@gmail.com', '0946582713', '2001-04-12', '096347819520', 'HCM City University of Technology and Education', 'Faculty of Information Technology', 'PMS22110019', 'Female', 'PicAvatarSeven', 'Student',GETDATE()),
    ('243300020', 'TomH', 'Tom Hiddleston', 'abc', 'tom.hiddleston@gmail.com', '0357894216', '2000-10-03', '096347812530', 'HCM City University of Technology and Education', 'Faculty of Information Technology', 'PMS22110020', 'Male', 'PicAvatarTen', 'Student', GETDATE());

	
-- Insert data into Field Table
INSERT INTO Field (fieldId, name) VALUES
    ('248800001', 'Software Development'),
    ('248800002', 'Cyber Security'),
    ('248800003', 'Data Science And Analytics'),
    ('248800004', 'Artificial Intelligence And Machine Learning'),
    ('248800005', 'Cloud Computing'),
    ('248800006', 'Internet Of Things'),
    ('248800007', 'Mobile Development'),
    ('248800008', 'Web Development'),
	('248800009', 'Blockchain Technology'),
    ('248800010', 'Human Computer Interaction'),
    ('248800011', 'Computer Networking'),
    ('248800012', 'Virtual Reality And Augmented Reality'),
    ('248800013', 'Big Data'),
    ('248800014', 'Quantum Computing'),
    ('248800015', 'Bioinformatics');

-- Insert data into Technology table
INSERT INTO Technology (technologyId, name) VALUES
	-- SoftwareDevelopment
    ('249900001', 'Spring (Java)'),
    ('249900002', 'Django (Python)'),
    ('249900003', 'Flask (Python)'),
    ('249900004', 'React.js (JavaScript)'),
    ('249900005', 'Angular (JavaScript/TypeScript)'),
    ('249900006', 'Vue.js (JavaScript)'),
    ('249900007', '.NET Framework (C#)'),
    ('249900008', 'Ruby on Rails (Ruby)'),
    ('249900009', 'Laravel (PHP)'),
    ('249900010', 'Symfony (PHP)'),
    ('249900011', 'SwiftUI (Swift)'),
    ('249900012', 'Express.js (JavaScript)'),
    -- Cybersecurity
    ('249900013', 'Metasploit Framework'),
    ('249900014', 'Wireshark'),
    ('249900015', 'Snort'),
    ('249900016', 'Bro'),
    ('249900017', 'Suricata'),
    ('249900018', 'Nmap'),
    ('249900019', 'OpenVAS'),
    ('249900020', 'OSSEC'),
    ('249900021', 'YARA'),
    ('249900022', 'Burp Suite'),
    ('249900023', 'OWASP ZAP (Zed Attack Proxy)'),
    ('249900024', 'ModSecurity'),
    ('249900025', 'Security Onion'),
    ('249900026', 'SELinux (Security-Enhanced Linux)'),
    ('249900027', 'AppArmor'),
    ('249900028', 'Bro/Zeek'),
    ('249900029', 'Cuckoo Sandbox'),
    ('249900030', 'Hashcat'),
    ('249900031', 'Volatility Framework'),
    ('249900032', 'GRR Rapid Response'),
    ('249900033', 'MISP (Malware Information Sharing Platform & Threat Sharing)'),
    ('249900034', 'CyberChef'),
    ('249900035', 'BloodHound'),
    ('249900036', 'Sysmon'),
    -- Data Science and Analytics
    ('249900037', 'Python (Python)'),
    ('249900038', 'R (R)'),
    ('249900039', 'SQL (Structured Query Language)'),
    ('249900040', 'Apache Hadoop (Java)'),
    ('249900041', 'Apache Spark (Scala, Python, R)'),
    ('249900042', 'Apache Kafka (Scala)'),
    ('249900043', 'Tableau'),
    ('249900044', 'Power BI'),
    ('249900045', 'Jupyter Notebook (Python, R)'),
    ('249900046', 'Apache Flink (Java, Scala)'),
    ('249900047', 'scikit-learn (Python)'),
    ('249900048', 'TensorFlow (Python)'),
    ('249900049', 'PyTorch (Python)'),
    ('249900050', 'Apache Mahout (Java)'),
    ('249900051', 'SAS'),
    ('249900052', 'Microsoft Excel (VBA)'),
    -- Artificial Intelligence and Machine Learning
    ('249900053', 'TensorFlow (Python)'),
    ('249900054', 'PyTorch (Python)'),
    ('249900055', 'Keras (Python)'),
    ('249900056', 'scikit-learn (Python)'),
    ('249900057', 'Apache Spark MLlib (Scala, Python)'),
    ('249900058', 'Microsoft Cognitive Toolkit (CNTK) (C++, C#, Python)'),
    ('249900059', 'OpenAI Gym (Python)'),
    ('249900060', 'IBM Watson (C++, Java, Python)'),
    ('249900061', 'Amazon SageMaker (Python)'),
    ('249900062', 'Google Cloud AI Platform (Python)'),
    ('249900063', 'Microsoft Azure Machine Learning (Python)'),
    ('249900064', 'H2O.ai (Java, R, Python)'),
    ('249900065', 'Caffe (C++, Python)'),
    ('249900066', 'MXNet (Python)'),
    ('249900067', 'Theano (Python)'),
    ('249900068', 'Deeplearning4j (Java, Scala)'),
    ('249900069', 'FastAI (Python)'),
    ('249900070', 'Accord.NET (C#, F#)'),
    ('249900071', 'Apache Mahout (Java)'),
    ('249900072', 'Weka (Java)'),
    -- Cloud Computing
    ('249900073', 'Amazon Web Services (AWS)'),
    ('249900074', 'Microsoft Azure'),
    ('249900075', 'Google Cloud Platform (GCP)'),
    ('249900076', 'IBM Cloud'),
    ('249900077', 'Oracle Cloud'),
    ('249900078', 'Alibaba Cloud'),
    ('249900079', 'VMware Cloud'),
    ('249900080', 'OpenStack'),
    ('249900081', 'Docker'),
    ('249900082', 'Kubernetes'),
    ('249900083', 'Apache Mesos'),
    ('249900084', 'Terraform'),
    ('249900085', 'Ansible'),
    ('249900086', 'Chef'),
    ('249900087', 'Puppet'),
    ('249900088', 'Apache Hadoop'),
    ('249900089', 'Apache Spark'),
    ('249900090', 'Apache Kafka'),
    ('249900091', 'Apache Cassandra'),
    ('249900092', 'Apache ZooKeeper'),
    ('249900093', 'Microsoft Hyper-V'),
    ('249900094', 'VMware vSphere'),
	-- InternetOfThings
	('249900095', 'MQTT (Message Queuing Telemetry Transport)'),
    ('249900096', 'CoAP (Constrained Application Protocol)'),
    ('249900097', 'AMQP (Advanced Message Queuing Protocol)'),
    ('249900098', 'HTTP/HTTPS'),
    ('249900099', 'LoRa (Long Range)'),
    ('249900100', 'Zigbee'),
    ('249900101', 'Bluetooth Low Energy (BLE)'),
    ('249900102', 'Wi-Fi'),
    ('249900103', 'RFID (Radio-Frequency Identification)'),
    ('249900104', 'NFC (Near Field Communication)'),
    ('249900105', 'MQTT-SN (MQTT for Sensor Networks)'),
    ('249900106', 'AllJoyn'),
    ('249900107', 'HomeKit'),
    ('249900108', 'OpenThread'),
    ('249900109', 'Z-Wave'),
    ('249900110', 'Thread'),
    ('249900111', 'Sigfox'),
    ('249900112', 'NB-IoT (Narrowband IoT)'),
    ('249900113', 'LTE-M (Long-Term Evolution for Machines)'),
    ('249900114', 'MQTT over WebSocket'),
    ('249900115', 'Lightweight M2M (LwM2M)'),
    ('249900116', 'Contiki OS'),
    ('249900117', 'RIOT OS'),
    ('249900118', 'FreeRTOS'),
    ('249900119', 'Arduino'),
    ('249900120', 'Raspberry Pi'),
    ('249900121', 'ESP8266/ESP32'),
    ('249900122', 'Particle (formerly known as Spark)'),
    ('249900123', 'Microsoft Azure IoT Suite'),
    ('249900124', 'Google Cloud IoT Core'),
    ('249900125', 'AWS IoT Core'),
    ('249900126', 'IBM Watson IoT Platform'),
	-- MobileDevelopment
	('249900127', 'Android SDK (Java, Kotlin)'),
    ('249900128', 'iOS SDK (Swift, Objective-C)'),
    ('249900129', 'React Native (JavaScript)'),
    ('249900130', 'Flutter (Dart)'),
    ('249900131', 'Xamarin (C#, .NET)'),
    ('249900132', 'Ionic Framework (JavaScript, Angular, React)'),
    ('249900133', 'Apache Cordova/PhoneGap (HTML, CSS, JavaScript)'),
    ('249900134', 'Unity (C#, UnityScript)'),
    ('249900135', 'NativeScript (JavaScript, TypeScript)'),
    ('249900136', 'Appcelerator Titanium (JavaScript)'),
    ('249900137', 'Corona SDK (Lua)'),
    ('249900138', 'Qt (C++, QML)'),
    ('249900139', 'Sencha Touch (JavaScript)'),
    ('249900140', 'jQuery Mobile (JavaScript)'),
    ('249900141', 'Kivy (Python)'),
    ('249900142', 'Onsen UI (JavaScript)'),
    ('249900143', 'Framework7 (HTML, CSS, JavaScript)'),
    ('249900144', 'Firebase (BaaS - Backend as a Service)'),
    ('249900145', 'Parse (BaaS - Backend as a Service)'),
    ('249900146', 'AWS Mobile SDK (Amazon Web Services)'),
    ('249900147', 'Microsoft Xamarin.Forms'),
	--  WebDevelopment
	('249900148', 'HTML (Hypertext Markup Language)'),
    ('249900149', 'CSS (Cascading Style Sheets)'),
    ('249900150', 'JavaScript'),
    ('249900151', 'React.js'),
    ('249900152', 'Angular'),
    ('249900153', 'Vue.js'),
    ('249900154', 'jQuery'),
    ('249900155', 'Bootstrap'),
    ('249900156', 'Sass (Syntactically Awesome Stylesheets)'),
    ('249900157', 'LESS'),
    ('249900158', 'Node.js'),
    ('249900159', 'Express.js'),
    ('249900160', 'Django (Python)'),
    ('249900161', 'Flask (Python)'),
    ('249900162', 'Ruby on Rails (Ruby)'),
    ('249900163', 'Laravel (PHP)'),
    ('249900164', 'Symfony (PHP)'),
    ('249900165', 'ASP.NET (C#)'),
    ('249900166', 'Spring (Java)'),
    ('249900167', 'WordPress (PHP)'),
    ('249900168', 'Drupal (PHP)'),
    ('249900169', 'Joomla (PHP)'),
    ('249900170', 'Shopify (Ruby)'),
    ('249900171', 'Magento (PHP)'),
    ('249900172', 'MEAN stack (MongoDB, Express.js, Angular, Node.js)'),
    ('249900173', 'MERN stack (MongoDB, Express.js, React.js, Node.js)'),
    ('249900174', 'LAMP stack (Linux, Apache, MySQL, PHP)'),
    ('249900175', 'WAMP stack (Windows, Apache, MySQL, PHP)'),
    ('249900176', 'XAMPP stack (Cross-Platform, Apache, MySQL, PHP, Perl)'),
    ('249900177', 'Serverless Framework'),
    ('249900178', 'Flask (Python)'),
    ('249900179', 'Pyramid (Python)'),
    ('249900180', 'ASP.NET MVC (C#)'),
    ('249900181', 'Ruby on Rails (Ruby)'),
    ('249900182', 'Laravel (PHP)'),
    ('249900183', 'Django (Python)'),
    ('249900184', 'Express.js (JavaScript)'),
    ('249900185', 'Next.js (JavaScript)'),
    ('249900186', 'Nuxt.js (JavaScript)'),
    ('249900187', 'Gatsby (JavaScript)'),
    ('249900188', 'Svelte (JavaScript)'),
    ('249900189', 'Strapi (JavaScript)'),
    ('249900190', 'FastAPI (Python)'),
    ('249900191', 'Falcon (Python)'),
    ('249900192', 'Hapi.js (JavaScript)'),
    ('249900193', 'NestJS (JavaScript/TypeScript)'),
    ('249900194', 'Bottle (Python)'),
    ('249900195', 'CherryPy (Python)'),
    ('249900196', 'Zend Framework (PHP)'),
    ('249900197', 'CakePHP (PHP)'),
    ('249900198', 'CodeIgniter (PHP)'),
    ('249900199', 'Symfony (PHP)'),
    ('249900200', 'Yii (PHP)'),
    ('249900201', 'Play Framework (Java)'),
    ('249900202', 'Grails (Groovy)'),
    ('249900203', 'Dropwizard (Java)'),
    ('249900204', 'Spark (Java)'),
    ('249900205', 'Flask (Python)'),
    ('249900206', 'Pyramid (Python)'),
	-- BlockchainTechnology
	('249900207', 'Ethereum'),
    ('249900208', 'Hyperledger Fabric'),
    ('249900209', 'Corda'),
    ('249900210', 'Stellar'),
    ('249900211', 'Ripple'),
    ('249900212', 'Truffle Framework'),
    ('249900213', 'Ganache'),
    ('249900214', 'Web3.js'),
    ('249900215', 'Solidity'),
    ('249900216', 'Remix IDE'),
    ('249900217', 'Geth (Go Ethereum)'),
    ('249900218', 'Parity Ethereum'),
    ('249900219', 'Quorum'),
    ('249900220', 'EOS.IO'),
    ('249900221', 'NEO'),
    ('249900222', 'Monero'),
    ('249900223', 'Tezos'),
    ('249900224', 'Zcash'),
    ('249900225', 'Bitcoin Core'),
    ('249900226', 'BitcoinJ'),
    ('249900227', 'EOS Smart Contract Development Kit (EOS SDK)'),
    ('249900228', 'Hyperledger Composer'),
    ('249900229', 'MultiChain'),
    ('249900230', 'BigchainDB'),
    ('249900231', 'Sawtooth Lake (Hyperledger Sawtooth)'),
    ('249900232', 'IOTA'),
    ('249900233', 'Waves Platform'),
    ('249900234', 'Cardano'),
    ('249900235', 'Ontology'),
    ('249900236', 'VeChainThor'),
    ('249900237', 'NEM'),
    ('249900238', 'Avalanche'),
    ('249900239', 'AvalancheGo'),
    ('249900240', 'AvalancheJS'),
    ('249900241', 'Avalanche Web3'),
    ('249900242', 'Avalanche Explorer'),
    ('249900243', 'Avalanche Wallet'),
    ('249900244', 'AvalancheIPFS'),
	-- HumanComputerInteraction
	('249900245', 'HTML (Hypertext Markup Language)'),
    ('249900246', 'CSS (Cascading Style Sheets)'),
    ('249900247', 'JavaScript'),
    ('249900248', 'React.js'),
    ('249900249', 'Angular'),
    ('249900250', 'Vue.js'),
    ('249900251', 'jQuery'),
    ('249900252', 'Bootstrap'),
    ('249900253', 'Sass (Syntactically Awesome Stylesheets)'),
    ('249900254', 'LESS'),
    ('249900255', 'Node.js'),
    ('249900256', 'Electron'),
    ('249900257', 'Flutter'),
    ('249900258', 'Xamarin'),
    ('249900259', 'Unity'),
    ('249900260', 'Unreal Engine'),
    ('249900261', 'OpenGL'),
    ('249900262', 'DirectX'),
    ('249900263', 'Three.js'),
    ('249900264', 'A-Frame (WebVR framework)'),
    ('249900265', 'ARKit (Apple Augmented Reality framework)'),
    ('249900266', 'ARCore (Google Augmented Reality framework)'),
    ('249900267', 'Oculus SDK'),
    ('249900268', 'HTC Vive SDK'),
    ('249900269', 'Windows Mixed Reality SDK'),
    ('249900270', 'Leap Motion SDK'),
    ('249900271', 'Kinect SDK'),
    ('249900272', 'Framer'),
    ('249900273', 'Adobe XD'),
    ('249900274', 'Sketch'),
    ('249900275', 'Figma'),
    ('249900276', 'InVision'),
    ('249900277', 'Balsamiq Mockups'),
    ('249900278', 'Axure RP'),
    ('249900279', 'Usability Testing'),
    ('249900280', 'User Interviews'),
    ('249900281', 'Surveys'),
    ('249900282', 'Eye Tracking'),
    ('249900283', 'A/B Testing'),
    ('249900284', 'Heatmaps'),
    ('249900285', 'Click Maps'),
    ('249900286', 'Scroll Maps'),
    ('249900287', 'Interaction Design Patterns'),
	-- ComputerNetworking
	('249900288', 'TCP/IP'),
    ('249900289', 'Ethernet'),
    ('249900290', 'Wi-Fi'),
    ('249900291', 'HTTP/HTTPS'),
    ('249900292', 'DNS (Domain Name System)'),
    ('249900293', 'DHCP (Dynamic Host Configuration Protocol)'),
    ('249900294', 'SNMP (Simple Network Management Protocol)'),
    ('249900295', 'VLAN (Virtual Local Area Network)'),
    ('249900296', 'VPN (Virtual Private Network)'),
    ('249900297', 'SSL/TLS (Secure Sockets Layer/Transport Layer Security)'),
    ('249900298', 'IPsec (Internet Protocol Security)'),
    ('249900299', 'NAT (Network Address Translation)'),
    ('249900300', 'BGP (Border Gateway Protocol)'),
    ('249900301', 'OSPF (Open Shortest Path First)'),
    ('249900302', 'MPLS (Multiprotocol Label Switching)'),
    ('249900303', 'IPv4 vs IPv6'),
    ('249900304', 'ICMP (Internet Control Message Protocol)'),
    ('249900305', 'ARP (Address Resolution Protocol)'),
    ('249900306', 'STP (Spanning Tree Protocol)'),
    ('249900307', 'SSH (Secure Shell)'),
    ('249900308', 'Telnet'),
    ('249900309', 'FTP (File Transfer Protocol)'),
    ('249900310', 'SMTP (Simple Mail Transfer Protocol)'),
    ('249900311', 'POP3 (Post Office Protocol version 3)'),
    ('249900312', 'IMAP (Internet Message Access Protocol)'),
    ('249900313', 'SIP (Session Initiation Protocol)'),
    ('249900314', 'RTP (Real-time Transport Protocol)'),
    ('249900315', 'VoIP (Voice over Internet Protocol)'),
    ('249900316', 'SDN (Software-Defined Networking)'),
    ('249900317', 'OpenFlow'),
    ('249900318', 'VXLAN (Virtual Extensible LAN)'),
    ('249900319', 'Docker Networking'),
    ('249900320', 'Kubernetes Networking'),
    ('249900321', 'SD-WAN (Software-Defined Wide Area Network)'),
    ('249900322', 'Network Function Virtualization (NFV)'),
    ('249900323', 'Wireshark (Network Protocol Analyzer)'),
    ('249900324', 'Cisco Packet Tracer'),
    ('249900325', 'GNS3 (Graphical Network Simulator-3)'),
    ('249900326', 'Ansible'),
    ('249900327', 'Puppet'),
    ('249900328', 'Chef'),
    ('249900329', 'SaltStack'),
	-- VirtualRealityAndAugmentedReality
	('249900330', 'Unity (C#, UnityScript)'),
    ('249900331', 'Unreal Engine (C++, Blueprint)'),
    ('249900332', 'Google VR SDK'),
    ('249900333', 'Oculus SDK'),
    ('249900334', 'HTC Vive SDK'),
    ('249900335', 'Windows Mixed Reality SDK'),
    ('249900336', 'ARKit (Apple Augmented Reality framework)'),
    ('249900337', 'ARCore (Google Augmented Reality framework)'),
    ('249900338', 'Vuforia'),
    ('249900339', 'Wikitude'),
    ('249900340', 'Kudan'),
    ('249900341', 'Maxst'),
    ('249900342', 'EasyAR'),
    ('249900343', 'OpenCV'),
    ('249900344', 'A-Frame (WebVR framework)'),
    ('249900345', 'Three.js'),
    ('249900346', 'WebXR'),
    ('249900347', 'Oculus Rift'),
    ('249900348', 'HTC Vive'),
    ('249900349', 'Microsoft HoloLens'),
    ('249900350', 'Magic Leap'),
    ('249900351', 'Samsung Gear VR'),
    ('249900352', 'Google Cardboard'),
    ('249900353', 'Meta AR Glasses'),
    ('249900354', 'Leap Motion SDK'),
    ('249900355', 'Kinect SDK'),
    ('249900356', 'OSVR (Open-Source Virtual Reality)'),
    ('249900357', 'SteamVR'),
    ('249900358', 'AltspaceVR'),
    ('249900359', 'Mozilla Hubs'),
    ('249900360', 'SpatialOS'),
    ('249900361', 'Microsoft Mixed Reality Toolkit (MRTK)'),
    ('249900362', 'Zappar'),
    ('249900363', 'Spark AR (formerly Facebook AR Studio)'),
    ('249900364', 'Lens Studio (Snapchat)'),
    ('249900365', 'Unity MARS (Mixed and Augmented Reality Studio)'),
    ('249900366', 'AR Foundation (Unity)'),
    ('249900367', 'ARCore Extensions (Unity)'),
    ('249900368', 'ARKit XR Plugin (Unity)'),
	-- BigData
    ('249900369', 'Hadoop'),
    ('249900370', 'Apache Spark'),
    ('249900371', 'Apache Kafka'),
    ('249900372', 'Apache HBase'),
    ('249900373', 'Apache Hive'),
    ('249900374', 'Apache Pig'),
    ('249900375', 'Apache Cassandra'),
    ('249900376', 'Apache Flink'),
    ('249900377', 'Apache Storm'),
    ('249900378', 'Apache ZooKeeper'),
    ('249900379', 'Apache Beam'),
    ('249900380', 'Apache Sqoop'),
    ('249900381', 'Apache Mahout'),
    ('249900382', 'Apache Drill'),
    ('249900383', 'HDFS (Hadoop Distributed File System)'),
    ('249900384', 'MapReduce'),
    ('249900385', 'YARN (Yet Another Resource Negotiator)'),
    ('249900386', 'Hadoop MapReduce'),
    ('249900387', 'Spark SQL'),
    ('249900388', 'Spark Streaming'),
    ('249900389', 'MLlib (Spark Machine Learning Library)'),
    ('249900390', 'GraphX (Spark Graph Processing Library)'),
    ('249900391', 'Structured Streaming'),
    ('249900392', 'Kafka Streams'),
    ('249900393', 'Apache NiFi'),
    ('249900394', 'Presto'),
    ('249900395', 'Druid'),
    ('249900396', 'Elasticsearch'),
    ('249900397', 'MongoDB'),
    ('249900398', 'Couchbase'),
    ('249900399', 'Redis'),
    ('249900400', 'Google BigQuery'),
    ('249900401', 'Amazon Redshift'),
    ('249900402', 'Microsoft Azure HDInsight'),
    ('249900403', 'Cloudera'),
    ('249900404', 'Hortonworks'),
    ('249900405', 'MapR'),
    ('249900406', 'Databricks'),
    ('249900407', 'Snowflake'),
    ('249900408', 'Teradata'),
    ('249900409', 'IBM BigInsights'),
    ('249900410', 'Oracle Big Data Appliance'),
	-- QuantumComputing
    ('249900411', 'Qiskit (Python)'),
    ('249900412', 'IBM Quantum Experience'),
    ('249900413', 'Cirq (Python)'),
    ('249900414', 'OpenQASM'),
    ('249900415', 'Quipper'),
    ('249900416', 'ProjectQ (Python)'),
    ('249900417', 'Q# (Microsoft Quantum Development Kit)'),
    ('249900418', 'QuTiP (Quantum Toolbox in Python)'),
    ('249900419', 'Qiskit Aqua'),
    ('249900420', 'Rigetti Forest (Python)'),
    ('249900421', 'PyQuil (Python)'),
    ('249900422', 'Microsoft Quantum Development Kit (Q#)'),
    ('249900423', 'Quirk'),
    ('249900424', 'PennyLane'),
    ('249900425', 'QDK (Quantum Development Kit)'),
    ('249900426', 'Strawberry Fields'),
    ('249900427', 'Qiskit Ignis'),
    ('249900428', 'Quantum Development Environment (QDE)'),
    ('249900429', 'Quipper'),
    ('249900430', 'Qiskit Terra'),
    ('249900431', 'Xanadu PennyLane'),
    ('249900432', 'Atos Quantum Learning Machine'),
    ('249900433', 'D-Wave Ocean SDK'),
    ('249900434', 'Qiskit Aer'),
    ('249900435', 'QC Ware Forge'),
    ('249900436', 'IonQ Quantum Cloud Services'),
    ('249900437', 'AQT (Alpine Quantum Technologies)'),
    ('249900438', 'Honeywell Quantum Solutions'),
    ('249900439', 'Toshiba Quantum Key Distribution Network'),
    ('249900440', 'Alibaba Quantum Computing Laboratory'),
    ('249900441', 'Google Sycamore'),
    ('249900442', 'Rigetti Aspen'),
    ('249900443', 'IBM Q System One'),
	-- Bioinformatics
    ('249900444', 'BLAST (Basic Local Alignment Search Tool)'),
    ('249900445', 'Bioconductor (R)'),
    ('249900446', 'EMBOSS (The European Molecular Biology Open Software Suite)'),
    ('249900447', 'SAMtools (Sequence Alignment/Map)'),
    ('249900448', 'Biopython (Python)'),
    ('249900449', 'Bioperl (Perl)'),
    ('249900450', 'Bioperl-db (Perl)'),
    ('249900451', 'Bioperl-run (Perl)'),
    ('249900452', 'Bioperl-gui (Perl)'),
    ('249900453', 'BioJava (Java)'),
    ('249900454', 'Galaxy'),
    ('249900455', 'GenBank'),
    ('249900456', 'NCBI (National Center for Biotechnology Information) Toolkit'),
    ('249900457', 'UCSC Genome Browser'),
    ('249900458', 'Ensembl'),
    ('249900459', 'STRING (Search Tool for the Retrieval of Interacting Genes/Proteins)'),
    ('249900460', 'KEGG (Kyoto Encyclopedia of Genes and Genomes)'),
    ('249900461', 'UniProt (Universal Protein Resource)'),
    ('249900462', 'PDB (Protein Data Bank)'),
    ('249900463', 'PubMed'),
    ('249900464', 'ExPASy (Expert Protein Analysis System)'),
    ('249900465', 'ClustalW'),
    ('249900466', 'MUSCLE (Multiple Sequence Comparison by Log-Expectation)'),
    ('249900467', 'PHYLIP (Phylogeny Inference Package)'),
    ('249900468', 'RAxML (Randomized Axelerated Maximum Likelihood)'),
    ('249900469', 'MrBayes'),
    ('249900470', 'SPAdes (St. Petersburg genome assembler)'),
    ('249900471', 'Trinity'),
    ('249900472', 'Velvet'),
    ('249900473', 'Bowtie'),
    ('249900474', 'BWA (Burrows-Wheeler Aligner)'),
    ('249900475', 'SOAPdenovo'),
    ('249900476', 'MEGA (Molecular Evolutionary Genetics Analysis)'),
    ('249900477', 'Jalview'),
    ('249900478', 'Artemis'),
    ('249900479', 'IGV (Integrative Genomics Viewer)'),
    ('249900480', 'DDBJ (DNA Data Bank of Japan)'),
    ('249900481', 'T-Coffee'),
    ('249900482', 'RAST (Rapid Annotation using Subsystem Technology)'),
    ('249900483', 'HMMER (profile Hidden Markov Models)'),
    ('249900484', 'InterPro'),
    ('249900485', 'MEME (Multiple Em for Motif Elicitation)'),
    ('249900486', 'MAFFT (Multiple Alignment using Fast Fourier Transform)'),
    ('249900487', 'TCDB (Transporter Classification Database)');
	

-- Insert data into Project table 
INSERT INTO Project (projectId, instructorId, topic, description, feature, requirement, maxMember, status, createdAt, createdBy, fieldId)
VALUES
    ('244400001', '242200001', 
        'Building a model for applying information technology to serve the development of agriculture and rural industry', 
        'Building an information technology model to optimize agricultural management and development, enhancing production efficiency, service provision, and sustainable development in rural areas.', 
        'Functions include weather monitoring, crop management, sensor data recording, yield prediction, schedule and resource management, and farmer-market connectivity.', 
        'Requirements: Agricultural knowledge, programming skills, understanding of AI and data analysis, logical thinking, and creativity in technology application in agriculture.', 
        5, 'Registered', '2024-03-15 19:30:45', '242200001', '248800001'),

    ('244400002', '242200001', 
        'Developing an AI-powered system for cybersecurity threat detection and prevention', 
        'Creating an advanced AI system to detect and prevent cybersecurity threats in real-time, providing robust protection for sensitive data and networks.', 
        'Functions include anomaly detection, intrusion detection, malware analysis, threat intelligence integration, and automated response mechanisms.', 
        'Requirements: Strong understanding of cybersecurity principles, programming expertise in Python or Java, familiarity with network protocols and security tools, and analytical skills.', 
        7, 'Registered', '2024-03-14 14:45:30', '242200001', '248800002'),

    ('244400003', '242200001', 
        'Utilizing data science techniques for predictive maintenance in manufacturing industries', 
        'Implementing data science methods to predict machinery failures and optimize maintenance schedules in manufacturing plants, reducing downtime and improving productivity.', 
        'Functions include data preprocessing, model training, feature selection, anomaly detection, and maintenance schedule optimization.', 
        'Requirements: Understanding of manufacturing processes, proficiency in data analysis tools like Python or R, knowledge of statistical techniques, and familiarity with industrial sensors and IoT.', 
        4, 'Registered', '2024-03-13 10:20:15', '242200001', '248800003'),

    ('244400004', '242200001', 
        'Developing a chatbot using artificial intelligence for customer service', 
        'Creating an AI-powered chatbot to handle customer inquiries, provide assistance, and streamline customer service operations for businesses.', 
        'Functions include intent recognition, context handling, response generation, and integration with backend systems.', 
        'Requirements: Proficiency in NLP libraries like NLTK or spaCy, experience in building chatbots using frameworks like Dialogflow or Rasa, and knowledge of RESTful APIs for backend integration.', 
        3, 'Processing', '2024-03-12 08:55:10', '242200001', '248800004'),

    ('244400005', '242200001', 
        'Implementing cloud computing solutions for efficient data storage and processing', 
        'Deploying cloud-based infrastructure for storing and processing large volumes of data, ensuring scalability, reliability, and cost-effectiveness for businesses.', 
        'Functions include data migration, cluster management, performance optimization, security configuration, and cost monitoring.', 
        'Requirements: Familiarity with cloud platforms, experience in deploying and managing cloud services, understanding of networking and security principles, and knowledge of DevOps practices.', 
        6, 'Processing', '2024-03-11 12:30:25', '242200001', '248800005'),

    ('244400006', '242200001', 
        'Creating IoT applications for smart energy management in buildings', 
        'Developing IoT-based solutions to optimize energy consumption, monitor equipment performance, and automate energy-saving processes in residential and commercial buildings.', 
        'Functions include sensor integration, real-time data processing, energy usage analysis, automated control systems, and user interface design for energy monitoring.', 
        'Requirements: Knowledge of IoT protocols and platforms, proficiency in hardware programming, experience in energy management systems, and understanding of building automation principles.', 
        5, 'Completed', '2024-03-10 15:20:40', '243300002', '248800006'),

    ('244400007', '242200001', 
        'Developing mobile applications for remote healthcare monitoring', 
        'Designing mobile apps to remotely monitor patients health status, track medication adherence, and facilitate communication between healthcare providers and patients.', 
        'Functions include user authentication, data encryption, real-time health data synchronization, medication reminders, and emergency alert systems.', 
        'Requirements: Proficiency in mobile app development frameworks, knowledge of healthcare regulations, experience in HIPAA compliance, and understanding of medical data privacy.', 
        4, 'Completed', '2024-04-09 18:10:55', '243300002', '248800007'),

    ('244400008', '242200001', 
        'Developing responsive web interfaces for online education platforms', 
        'Creating user-friendly web interfaces for online learning platforms, ensuring accessibility, interactivity, and engagement for learners of all ages.', 
        'Functions include frontend development, UI/UX design, content management, gamification features, and integration with learning management systems.', 
        'Requirements: Proficiency in web development technologies, understanding of educational principles, experience in UX/UI design, and familiarity with e-learning standards.', 
        6, 'GaveUp', '2024-04-08 09:40:20', '243300002', '248800008'),

    ('244400009', '242200001', 
        'Exploring the potential of blockchain technology for supply chain transparency', 
        'Investigating how blockchain can enhance supply chain transparency, traceability, and accountability, improving trust and efficiency in global supply networks.', 
        'Functions include blockchain architecture design, smart contract development, consensus mechanism implementation, and integration with existing supply chain systems.', 
        'Requirements: Understanding of blockchain principles, proficiency in smart contract programming, knowledge of supply chain management, and familiarity with cryptographic techniques.', 
        8, 'Published', '2024-04-07 11:50:35', '243300002', '248800009'),

    ('244400010', '242200001', 
        'Advancing human-computer interaction through augmented reality interfaces', 
        'Exploring novel ways to interact with computers using augmented reality interfaces, enhancing user experience and productivity in various domains such as gaming, education, and healthcare.', 
        'Functions include gesture recognition, object tracking, spatial mapping, user feedback analysis, and usability testing for AR interfaces.', 
        'Requirements: Proficiency in AR development frameworks, understanding of human-centered design principles, experience in UI/UX design, and creativity in AR content creation.', 
        5, 'Published', '2024-03-06 14:25:50', '243300002', '248800010');


-- Insert Teams into Team table
INSERT INTO Team (teamId, teamName, avatar, createdAt, createdBy, projectId, status)
VALUES
    ('245500001', 'Code Crusaders', 'PicAvatarOne', '2024-03-25', '243300001', '244400001', 'Registered'),
    ('245500002', 'Digital Dynamos', 'PicAvatarTwo', '2024-03-25', '243300004', '244400002', 'Registered'),
    ('245500003', 'Byte Busters', 'PicAvatarThree', '2024-03-26', '243300007', '244400001', 'Registered'),
    ('245500004', 'Tech Titan', 'PicAvatarFour', '2024-03-27', '243300009', '244400002', 'Registered'),
    ('245500005', 'Cyber Savants', 'PicAvatarFive', '2024-03-28', '243300011', '244400001', 'Registered'),
    ('245500006', 'Data Wizards', 'PicAvatarNine', '2024-03-20', '243300013', '244400003', 'Registered'),
    ('245500007', 'Network Ninjas', 'PicAvatarTen', '2024-03-20', '243300020', '244400007', 'Accepted'),
    ('245500008', 'Innovation Squad', 'PicAvatarSeven', '2024-03-21', '243300015', '244400004', 'Accepted'),
    ('245500009', 'Digital Mavericks', 'PicAvatarSix', '2024-03-24', '243300018', '244400005', 'Accepted'),
    ('245500010', 'Pixel Pioneers', 'PicAvatarTen', '2024-03-26', '243300020', '244400006', 'Accepted'),
    ('245500011', 'Basic Algorithm', 'PicAvatarFour', '2024-04-08', '243300005', '244400008', 'Accepted');


-- Insert data into Task table
INSERT INTO Task (taskId, startAt, endAt, title, description, progress, priority, createdAt, createdBy, projectId)
VALUES
    ('246600001', '2024-04-07', DATEADD(day, 5, '2024-04-07'), 'Design conversation flow for the chatbot', 
        'Create a structured conversation flow for the chatbot to handle various customer inquiries and provide appropriate assistance.', 
        40, 'High', '2024-04-07', '242200001', '244400004'),

    ('246600002', '2024-04-07', DATEADD(day, 5, '2024-04-07'), 'Implement natural language processing (NLP)', 
        'Integrate NLP algorithms and techniques to enable the chatbot to understand and interpret natural language input from customers.', 
        30, 'Medium', '2024-04-07', '242200001', '244400004'),

    ('246600003', '2024-04-07', DATEADD(day, 5, '2024-04-07'), 'Develop backend infrastructure for the chatbot', 
        'Build the backend systems and APIs required to support the functionality of the chatbot, including data storage, retrieval, and integration with other systems.', 
        75, 'Low', '2024-04-07', '242200001', '244400004'),

    ('246600004', '2024-04-06', DATEADD(day, 5, '2024-04-06'), 'Train and optimize the chatbot model', 
        'Collect and preprocess training data, train machine learning models for the chatbot, and optimize them for accuracy and performance.', 
        100, 'High', '2024-04-06', '242200001', '244400004'),

    ('246600005', '2024-04-06', DATEADD(day, 5, '2024-04-06'), 'Deploy and monitor the chatbot in production', 
        'Deploy the chatbot to production environments, set up monitoring and logging systems to track performance and user interactions, and iterate based on feedback.', 
        75, 'Medium', '2024-04-06', '242200001', '244400004'),

    ('246600006', '2024-04-05', DATEADD(day, 5, '2024-04-05'), 'Integrate chatbot with customer support platforms', 
        'Integrate the chatbot with existing customer support platforms such as Zendesk or Freshdesk to facilitate seamless communication and ticket handling.', 
        50, 'Low', '2024-04-05', '242200001', '244400004'),

    ('246600007', '2024-04-05', DATEADD(day, 5, '2024-04-05'), 'Implement multi-channel support for the chatbot', 
        'Extend the chatbot capabilities to support communication across various channels including web chat, mobile apps, and social media platforms.', 
        75, 'High', '2024-04-05', '242200001', '244400004'),

    ('246600008', '2024-04-04', DATEADD(day, 5, '2024-04-04'), 'Enhance chatbot with sentiment analysis', 
        'Incorporate sentiment analysis algorithms to enable the chatbot to understand and respond appropriately to the emotional tone of customer inquiries.', 
        100, 'Medium', '2024-04-04', '242200001', '244400004'),

    -- Additional tasks for the second project
    ('246600009', '2024-04-07', DATEADD(day, 5, '2024-04-07'), 'Research cloud storage solutions', 
        'Conduct research on various cloud storage solutions available in the market to determine their features, pricing, and suitability for the project requirements.', 
        75, 'Low', '2024-04-07', '242200001', '244400005'),

    ('246600010', '2024-04-07', DATEADD(day, 5, '2024-04-07'), 'Design data architecture for cloud storage', 
        'Design a scalable and efficient data architecture optimized for cloud storage, considering factors such as data redundancy, accessibility, and security.', 
        30, 'High', '2024-04-07', '242200001', '244400005'),

    ('246600011', '2024-04-07', DATEADD(day, 5, '2024-04-07'), 'Implement data migration to the cloud', 
        'Plan and execute the migration of existing data from on-premises storage systems to the selected cloud storage solution, ensuring minimal downtime and data integrity.', 
        75, 'Medium', '2024-04-07', '242200001', '244400005'),

    ('246600012', '2024-04-06', DATEADD(day, 5, '2024-04-06'), 'Set up cloud-based data processing pipelines', 
        'Configure and deploy data processing pipelines on the cloud platform to enable efficient processing of large volumes of data, leveraging services such as AWS Lambda or Google Cloud Dataflow.', 
        50, 'High', '2024-04-06', '242200001', '244400005'),

    ('246600013', '2024-04-06', DATEADD(day, 5, '2024-04-06'), 'Optimize data storage and retrieval performance', 
        'Implement optimization techniques such as data partitioning and indexing to improve the performance of data storage and retrieval operations on the cloud platform.', 
        40, 'Low', '2024-04-06', '242200001', '244400005'),

    ('246600014', '2024-04-05', DATEADD(day, 5, '2024-04-05'), 'Implement data backup and disaster recovery strategies', 
        'Develop and implement backup and disaster recovery strategies to ensure data availability and integrity in the event of hardware failures or natural disasters.', 
        100, 'Medium', '2024-04-05', '242200001', '244400005'),

    ('246600015', '2024-04-05', DATEADD(day, 5, '2024-04-05'), 'Monitor and optimize cloud resource usage', 
        'Set up monitoring tools to track resource usage and performance metrics in the cloud environment, and implement optimization strategies to reduce costs and improve efficiency.', 
        75, 'High', '2024-04-05', '242200001', '244400005'),

    ('246600016', '2024-04-04', DATEADD(day, 5, '2024-04-04'), 'Document and present cloud implementation', 
        'Create comprehensive documentation outlining the cloud computing solutions implemented, including architecture diagrams, configuration details, and performance benchmarks.', 
        100, 'Medium', '2024-04-04', '242200001', '244400005'),

    -- Additional tasks for the third project
    ('246600017', '2024-04-06', DATEADD(day, 5, '2024-04-06'), 'Research IoT devices for energy monitoring', 
        'Conduct research on IoT devices and sensors suitable for monitoring energy consumption in buildings, considering factors such as accuracy, compatibility, and cost-effectiveness.', 
        70, 'High', '2024-04-06', '242200001', '244400006'),

    ('246600018', '2024-04-05', DATEADD(day, 5, '2024-04-05'), 'Design IoT system architecture', 
        'Design the architecture for the IoT system that will collect, transmit, and analyze energy consumption data from various sensors deployed in buildings.', 
        80, 'Medium', '2024-04-05', '242200001', '244400006'),

    ('246600019', '2024-04-05', DATEADD(day, 5, '2024-04-05'), 'Develop IoT data acquisition module', 
        'Develop software modules to acquire data from IoT sensors, preprocess it if necessary, and transmit it to the central data collection and analysis system.', 
        100, 'Low', '2024-04-05', '242200001', '244400006'),

    ('246600020', '2024-04-04', DATEADD(day, 5, '2024-04-04'), 'Implement energy consumption analytics', 
        'Implement algorithms and analytics tools to analyze the energy consumption data collected by the IoT system, identify patterns, and suggest energy-saving measures.', 
        80, 'High', '2024-04-04', '242200001', '244400006'),

    ('246600021', '2024-04-03', DATEADD(day, 5, '2024-04-03'), 'Integrate IoT system with building management systems', 
        'Integrate the IoT energy management system with existing building management systems to enable centralized monitoring and control of energy usage.', 
        70, 'Medium', '2024-04-03', '242200001', '244400006'),

    ('246600022', '2024-04-02', DATEADD(day, 5, '2024-04-02'), 'Test and validate IoT application in real-world scenarios', 
        'Conduct thorough testing of the IoT application in real-world building environments to validate its performance, reliability, and effectiveness in optimizing energy management.', 
        100, 'Low', '2024-04-02', '242200001', '244400006'),

    ('246600023', '2024-04-07', DATEADD(day, 5, '2024-04-07'), 'Research healthcare monitoring requirements', 
        'Conduct research on healthcare monitoring requirements for remote patient monitoring, including vital signs tracking, medication adherence, and symptom reporting.', 
        70, 'Medium', '2024-04-07', '242200001', '244400007'),

    ('246600024', '2024-04-06', DATEADD(day, 5, '2024-04-06'), 'Design user interface for mobile app', 
        'Design intuitive and user-friendly interfaces for the mobile application, considering the needs of both patients and healthcare providers for easy navigation and data input.', 
        80, 'High', '2024-04-06', '242200001', '244400007'),

    ('246600025', '2024-04-06', DATEADD(day, 5, '2024-04-06'), 'Develop backend system for data storage', 
        'Develop the backend system to securely store and manage healthcare data collected from mobile devices, ensuring compliance with privacy and security regulations.', 
        100, 'Low', '2024-04-06', '242200001', '244400007'),

    ('246600026', '2024-04-05', DATEADD(day, 5, '2024-04-05'), 'Implement real-time data synchronization', 
        'Implement mechanisms for real-time data synchronization between the mobile application and the backend system to ensure up-to-date information for both patients and healthcare providers.', 
        80, 'Medium', '2024-04-05', '242200001', '244400007'),

    ('246600027', '2024-04-03', DATEADD(day, 5, '2024-04-03'), 'Integrate health monitoring devices with mobile app', 
        'Integrate various health monitoring devices such as wearable sensors and Bluetooth-enabled medical devices with the mobile application to enable seamless data collection.', 
        70, 'High', '2024-04-03', '242200001', '244400007'),

    ('246600028', '2024-04-03', DATEADD(day, 5, '2024-04-03'), 'Test and validate mobile app for reliability and usability', 
        'Conduct rigorous testing of the mobile application to ensure reliability, usability, and compatibility across different mobile devices and operating systems.', 
        100, 'Low', '2024-04-03', '242200001', '244400007');


-- Insert data into  Meeting table
INSERT INTO Meeting (meetingId, title, description, startAt, location, link, createdAt, createdBy, projectId)
VALUES
    ('241100001', 'Agree on solution strategy', 
        'At this meeting, the main strategy to solve the problem is brought up for discussion. Please read the draft in advance and report back to the person in charge.', 
        '2024-05-15 09:00:00', 'Meeting Room - 3nd floor, Central Building', 
        'meet.google.com/dhe-tonw-wjr', '2024-05-07 09:35:15', '242200001', '244400004'),

    ('241100002', 'Work assignment meeting', 
        'The class will assign tasks to members. Please read the expected roster in advance.', 
        '2024-05-27 09:00:00', 'Meeting Room - 3nd floor, Central Building', 
        'meet.google.com/dhe-tonw-wjr', '2024-05-08 17:10:35', '242200001', '244400004'),

    ('241100003', 'Agree on solution strategy', 
        'At this meeting, the main strategy to solve the problem is brought up for discussion. Please read the draft in advance and report back to the person in charge.', 
        '2024-05-16 09:00:00', 'Meeting Room - 3nd floor, Central Building', 
        'meet.google.com/jbo-foov-rac', '2024-05-07 19:35:15', '242200001', '244400005'),

    ('241100004', 'Work assignment meeting', 
        'The class will assign tasks to members. Please read the expected roster in advance.', 
        '2024-05-29 09:00:00', 'Meeting Room - 3nd floor, Central Building', 
        'meet.google.com/jbo-foov-rac', '2024-05-08 21:10:35', '242200001', '244400005');


-- Insert data into new Comment table
INSERT INTO Comment (commentId, content, createdAt, createdBy, taskId)
VALUES
    ('247700001', 'I think we need to reconsider our approach.', '2024-04-05 17:35:24', '243300015', '246600001'),
    ('247700002', 'I like how you structured the flow, very intuitive! The way you designed the options for user interactions is impressive. Keep up the good work!', '2024-04-05 17:35:24', '243300016', '246600001'),
    ('247700003', 'Could you please provide more details?', '2024-04-05 17:35:24', '243300017', '246600001'),
    ('247700004', 'Let''s discuss this in our next meeting.', '2024-04-05 17:35:24', '242200001', '246600001'),
    ('247700005', 'I agree. We should also consider alternative solutions.', '2024-04-05 17:35:24', '243300016', '246600001'),

    ('247700006', 'Thanks for your effort.', '2024-04-05 17:35:24', '243300015', '246600002'),
    ('247700007', 'Great job!', '2024-04-05 17:35:24', '243300016', '246600002'),
    ('247700008', 'Your dedication to this task is appreciated.', '2024-04-05 17:35:24', '243300017', '246600002'),
    ('247700009', 'I am impressed by the progress you have made on this project. Keep up the good work!', '2024-04-05 17:35:24', '242200001', '246600002'),
    ('247700010', 'Your contributions have been invaluable to the success of this project. Thank you!', '2024-04-05 17:35:24', '243300016', '246600002'),

    ('247700011', 'Thanks for your effort.', '2024-04-05 17:35:24', '243300015', '246600003'),
    ('247700012', 'Great job!', '2024-04-05 17:35:24', '243300016', '246600003'),
    ('247700013', 'Your dedication to this task is appreciated.', '2024-04-05 17:35:24', '243300017', '246600003'),
    ('247700014', 'Your efforts in developing the backend infrastructure are appreciated.', '2024-04-05 17:35:24', '242200001', '246600003'),
    ('247700015', 'Good progress has been made in developing the backend infrastructure.', '2024-04-05 17:35:24', '243300016', '246600003'),

    ('247700016', 'The chatbot model training process is underway.', '2024-04-05 17:35:24', '243300015', '246600004'),
    ('247700017', 'Excited to see the improvements in the chatbot model.', '2024-04-05 17:35:24', '243300016', '246600004'),
    ('247700018', 'The chatbot model training is progressing smoothly.', '2024-04-05 17:35:24', '243300017', '246600004'),
    ('247700019', 'The training phase for the chatbot model is crucial for its performance.', '2024-04-05 17:35:24', '242200001', '246600004'),
    ('247700020', 'Optimizing the chatbot model for better performance is essential.', '2024-04-05 17:35:24', '243300016', '246600004'),

    ('247700021', 'Deployment of the chatbot in production is a critical step.', '2024-04-05 17:35:24', '243300015', '246600005'),
    ('247700022', 'Ensuring smooth deployment of the chatbot is essential.', '2024-04-05 17:35:24', '243300016', '246600005'),
    ('247700023', 'Looking forward to the production deployment of the chatbot.', '2024-04-05 17:35:24', '243300017', '246600005'),
    ('247700024', 'Your efforts in deploying the chatbot in production are appreciated.', '2024-04-05 17:35:24', '242200001', '246600005'),
    ('247700025', 'Excited to see the chatbot in action in the production environment.', '2024-04-05 17:35:24', '243300016', '246600005'),

    ('247700026', 'Integration of the chatbot with customer support platforms is crucial.', '2024-04-05 17:35:24', '243300015', '246600006'),
    ('247700027', 'Looking forward to seamless integration with customer support platforms.', '2024-04-05 17:35:24', '243300016', '246600006'),
    ('247700028', 'The integration process of the chatbot with customer support platforms is progressing well.', '2024-04-05 17:35:24', '243300017', '246600006'),
    ('247700029', 'Your efforts in integrating the chatbot with customer support platforms are appreciated.', '2024-04-05 17:35:24', '242200001', '246600006'),
    ('247700030', 'Integration with customer support platforms will enhance the chatbot''s capabilities.', '2024-04-05 17:35:24', '243300016', '246600006'),

    ('247700031', 'Implementing multi-channel support for the chatbot is a key requirement.', '2024-04-05 17:35:24', '243300015', '246600007'),
    ('247700032', 'Looking forward to seeing the chatbot support multiple channels seamlessly.', '2024-04-05 17:35:24', '243300016', '246600007'),
    ('247700033', 'The implementation of multi-channel support for the chatbot is progressing well.', '2024-04-05 17:35:24', '243300017', '246600007'),
    ('247700034', 'Your efforts in implementing multi-channel support for the chatbot are appreciated.', '2024-04-05 17:35:24', '242200001', '246600007'),
    ('247700035', 'Excited to see the chatbot supporting multiple channels for enhanced user engagement.', '2024-04-05 17:35:24', '243300016', '246600007'),

    ('247700036', 'Enhancing the chatbot with sentiment analysis will improve user interaction.', '2024-04-05 17:35:24', '243300015', '246600008'),
    ('247700037', 'Looking forward to seeing how sentiment analysis enhances the chatbot.', '2024-04-05 17:35:24', '243300016', '246600008'),
    ('247700038', 'The enhancement of the chatbot with sentiment analysis is progressing well.', '2024-04-05 17:35:24', '243300017', '246600008'),
    ('247700039', 'Your efforts in enhancing the chatbot with sentiment analysis are appreciated.', '2024-04-05 17:35:24', '242200001', '246600008'),
    ('247700040', 'Sentiment analysis will provide valuable insights for improving the chatbot.', '2024-04-05 17:35:24', '243300016', '246600008'),

    ('247700041', 'Researching cloud storage solutions.', '2024-04-05 17:35:24', '243300018', '246600009'),
    ('247700042', 'Looking into various options for cloud storage solutions.', '2024-04-05 17:35:24', '243300019', '246600009'),
    ('247700043', 'Reviewing potential cloud storage solutions for our needs.', '2024-04-05 17:35:24', '243300002', '246600009'),
    ('247700044', 'Your efforts in researching cloud storage solutions are appreciated.', '2024-04-05 17:35:24', '242200001', '246600009'),
    ('247700045', 'Researching cloud storage options to find the best fit for our requirements.', '2024-04-05 17:35:24', '243300018', '246600009'),

    ('247700046', 'Designing the data architecture for cloud storage.', '2024-04-05 17:35:24', '243300018', '246600010'),
    ('247700047', 'Planning the data architecture to support cloud storage.', '2024-04-05 17:35:24', '243300019', '246600010'),
    ('247700048', 'Defining the data architecture requirements for cloud storage.', '2024-04-05 17:35:24', '243300002', '246600010'),
    ('247700049', 'Your efforts in designing the data architecture for cloud storage are appreciated.', '2024-04-05 17:35:24', '242200001', '246600010'),
    ('247700050', 'Developing a robust data architecture for effective cloud storage management.', '2024-04-05 17:35:24', '243300018', '246600010'),

    ('247700051', 'Implementing data migration to the cloud.', '2024-04-05 17:35:24', '243300018', '246600011'),
    ('247700052', 'Migrating data to the cloud for better scalability and accessibility.', '2024-04-05 17:35:24', '243300019', '246600011'),
    ('247700053', 'Setting up processes for seamless data migration to the cloud.', '2024-04-05 17:35:24', '243300002', '246600011'),
    ('247700054', 'Your efforts in implementing data migration to the cloud are appreciated.', '2024-04-05 17:35:24', '242200001', '246600011'),
    ('247700055', 'Executing data migration strategies to ensure smooth transition to the cloud.', '2024-04-05 17:35:24', '243300018', '246600011'),

    ('247700056', 'Setting up cloud-based data processing pipelines.', '2024-04-05 17:35:24', '243300018', '246600012'),
    ('247700057', 'Configuring data processing pipelines for optimal performance in the cloud.', '2024-04-05 17:35:24', '243300019', '246600012'),
    ('247700058', 'Implementing data processing pipelines tailored for cloud environments.', '2024-04-05 17:35:24', '243300002', '246600012'),
    ('247700059', 'Your efforts in setting up cloud-based data processing pipelines are appreciated.', '2024-04-05 17:35:24', '242200001', '246600012'),
    ('247700060', 'Building efficient data processing pipelines to handle cloud-based workloads.', '2024-04-05 17:35:24', '243300018', '246600012'),

    ('247700061', 'Optimizing data storage and retrieval performance for cloud environments.', '2024-04-05 17:35:24', '243300018', '246600013'),
    ('247700062', 'Enhancing data storage and retrieval mechanisms for cloud-based applications.', '2024-04-05 17:35:24', '243300019', '246600013'),
    ('247700063', 'Fine-tuning data storage and retrieval processes for cloud deployment.', '2024-04-05 17:35:24', '243300002', '246600013'),
    ('247700064', 'Your efforts in optimizing data storage and retrieval performance are appreciated.', '2024-04-05 17:35:24', '242200001', '246600013'),
    ('247700065', 'Improving data storage and retrieval efficiency to meet cloud workload demands.', '2024-04-05 17:35:24', '243300018', '246600013'),

    ('247700066', 'Implementing data backup strategies for cloud environments.', '2024-04-05 17:35:24', '243300018', '246600014'),
    ('247700067', 'Establishing data backup mechanisms to safeguard cloud-based data.', '2024-04-05 17:35:24', '243300019', '246600014'),
    ('247700068', 'Setting up automated data backup processes for cloud deployments.', '2024-04-05 17:35:24', '243300002', '246600014'),
    ('247700069', 'Your efforts in implementing data backup strategies for the cloud are appreciated.', '2024-04-05 17:35:24', '242200001', '246600014'),
    ('247700070', 'Developing robust data backup solutions to ensure data integrity in the cloud.', '2024-04-05 17:35:24', '243300018', '246600014'),

    ('247700071', 'Monitoring cloud resource usage and optimizing performance.', '2024-04-05 17:35:24', '243300018', '246600015'),
    ('247700072', 'Ensuring efficient utilization of cloud resources for cost optimization.', '2024-04-05 17:35:24', '243300019', '246600015'),
    ('247700073', 'Implementing monitoring tools to track cloud resource consumption.', '2024-04-05 17:35:24', '243300002', '246600015'),
    ('247700074', 'Your efforts in monitoring and optimizing cloud resource usage are appreciated.', '2024-04-05 17:35:24', '242200001', '246600015'),
    ('247700075', 'Optimizing cloud resource usage to ensure cost-effectiveness and performance.', '2024-04-05 17:35:24', '243300018', '246600015'),

    ('247700076', 'Documenting cloud implementation details for reference and future use.', '2024-04-05 17:35:24', '243300018', '246600016'),
    ('247700077', 'Preparing documentation to illustrate the cloud implementation process.', '2024-04-05 17:35:24', '243300019', '246600016'),
    ('247700078', 'Creating comprehensive documentation for the cloud implementation project.', '2024-04-05 17:35:24', '243300002', '246600016'),
    ('247700079', 'Your efforts in documenting and presenting cloud implementation details are appreciated.', '2024-04-05 17:35:24', '242200001', '246600016'),
    ('247700080', 'Developing clear and concise documentation to support the cloud implementation process.', '2024-04-05 17:35:24', '243300018', '246600016'),

    ('247700081', 'IoT devices play a crucial role in energy monitoring solutions.', '2024-04-05 17:35:24', '243300020', '246600017'),
    ('247700082', 'The research on IoT devices for energy monitoring is progressing well.', '2024-04-05 17:35:24', '242200001', '246600017'),
    ('247700083', 'Exploring various IoT devices for energy monitoring is an exciting challenge.', '2024-04-05 17:35:24', '243300020', '246600017'),
    ('247700084', 'The use of IoT devices brings new possibilities to energy monitoring solutions.', '2024-04-05 17:35:24', '242200001', '246600017'),
    ('247700085', 'IoT devices enable real-time monitoring and analysis of energy consumption.', '2024-04-05 17:35:24', '243300020', '246600017'),

    ('247700086', 'The design of IoT system architecture requires careful planning and consideration.', '2024-04-05 17:35:24', '243300020', '246600018'),
    ('247700087', 'Designing a scalable IoT system architecture is essential for future expansion.', '2024-04-05 17:35:24', '242200001', '246600018'),
    ('247700088', 'Architecting an IoT system involves integrating various components seamlessly.', '2024-04-05 17:35:24', '243300020', '246600018'),
    ('247700089', 'The design of IoT system architecture lays the foundation for reliable operation.', '2024-04-05 17:35:24', '242200001', '246600018'),
    ('247700090', 'Building a resilient IoT system architecture requires robust design principles.', '2024-04-05 17:35:24', '243300020', '246600018'),

    ('247700091', 'Developing an IoT data acquisition module demands attention to detail.', '2024-04-05 17:35:24', '243300020', '246600019'),
    ('247700092', 'Creating a flexible IoT data acquisition module is key to adaptability.', '2024-04-05 17:35:24', '242200001', '246600019'),
    ('247700093', 'The development of an IoT data acquisition module involves complex algorithms.', '2024-04-05 17:35:24', '243300020', '246600019'),
    ('247700094', 'Ensuring compatibility with various IoT devices is a priority in module development.', '2024-04-05 17:35:24', '242200001', '246600019'),
    ('247700095', 'Developing a reliable IoT data acquisition module is crucial for accurate data collection.', '2024-04-05 17:35:24', '243300020', '246600019'),

    ('247700096', 'Implementing energy consumption analytics requires advanced data processing techniques.', '2024-04-05 17:35:24', '243300020', '246600020'),
    ('247700097', 'The implementation of energy consumption analytics enhances decision-making processes.', '2024-04-05 17:35:24', '242200001', '246600020'),
    ('247700098', 'Analyzing energy consumption patterns helps identify areas for improvement.', '2024-04-05 17:35:24', '243300020', '246600020'),
    ('247700099', 'Energy consumption analytics provide insights into optimizing resource usage.', '2024-04-05 17:35:24', '242200001', '246600020'),
    ('247700100', 'Implementing analytics tools facilitates proactive energy management strategies.', '2024-04-05 17:35:24', '243300020', '246600020'),

    ('247700101', 'Integrating IoT system with building management systems requires seamless connectivity.', '2024-04-05 17:35:24', '243300020', '246600021'),
    ('247700102', 'Integration with building management systems enhances overall efficiency.', '2024-04-05 17:35:24', '242200001', '246600021'),
    ('247700103', 'The integration process ensures interoperability between IoT and building systems.', '2024-04-05 17:35:24', '243300020', '246600021'),
    ('247700104', 'Integrating with building management systems streamlines facility operations.', '2024-04-05 17:35:24', '242200001', '246600021'),
    ('247700105', 'Integration of IoT system with building management enhances automation capabilities.', '2024-04-05 17:35:24', '243300020', '246600021'),

    ('247700106', 'Testing IoT applications in real-world scenarios validates performance under various conditions.', '2024-04-05 17:35:24', '243300020', '246600022'),
    ('247700107', 'Real-world testing provides valuable insights into application behavior.', '2024-04-05 17:35:24', '242200001', '246600022'),
    ('247700108', 'Testing in real-world environments ensures reliability and robustness.', '2024-04-05 17:35:24', '243300020', '246600022'),
    ('247700109', 'Testing in diverse scenarios helps identify potential issues early.', '2024-04-05 17:35:24', '242200001', '246600022'),
    ('247700110', 'Validation in real-world scenarios is crucial for deployment success.', '2024-04-05 17:35:24', '243300020', '246600022');


-- Insert data into new Evaluation table
INSERT INTO Evaluation (evaluationId, content, completionRate, score, evaluated, createdAt, createdBy, studentId, taskId)
VALUES
    ('248500001', 'Comprehensive performance evaluation to assess employee contributions and areas for improvement.', 75, 9.5, 1, '2024-04-07', '242200001', '243300015', '246600001'),
    ('248500002', '', 0, 0.0, 0, '2024-04-07', '242200001', '243300016', '246600001'),
    ('248500003', '', 0, 0.0, 0, '2024-04-07', '242200001', '243300017', '246600001'),
    ('248500004', 'Rigorous peer evaluation process designed to gather feedback from colleagues for professional development.', 50, 8.75, 1, '2024-04-07', '242200001', '243300015', '246600002'),
    ('248500005', '', 0, 0.0, 0, '2024-04-07', '242200001', '243300016', '246600002'),
    ('248500006', '', 0, 0.0, 0, '2024-04-07', '242200001', '243300017', '246600002'),
    ('248500007', '', 0, 0.0, 0, '2024-04-07', '242200001', '243300015', '246600003'),
    ('248500008', '', 0, 0.0, 0, '2024-04-07', '242200001', '243300016', '246600003'),
    ('248500009', '', 0, 0.0, 0, '2024-04-07', '242200001', '243300017', '246600003'),
    ('248500010', '', 0, 0.0, 0, '2024-04-06', '242200001', '243300015', '246600004'),
    ('248500011', '', 0, 0.0, 0, '2024-04-06', '242200001', '243300016', '246600004'),
    ('248500012', '', 0, 0.0, 0, '2024-04-06', '242200001', '243300017', '246600004'),
    ('248500013', '', 0, 0.0, 0, '2024-04-06', '242200001', '243300015', '246600005'),
    ('248500014', '', 0, 0.0, 0, '2024-04-06', '242200001', '243300016', '246600005'),
    ('248500015', '', 0, 0.0, 0, '2024-04-06', '242200001', '243300017', '246600005'),
    ('248500016', '', 0, 0.0, 0, '2024-04-05', '242200001', '243300015', '246600006'),
    ('248500017', '', 0, 0.0, 0, '2024-04-05', '242200001', '243300016', '246600006'),
    ('248500018', '', 0, 0.0, 0, '2024-04-05', '242200001', '243300017', '246600006'),
    ('248500019', '', 0, 0.0, 0, '2024-04-05', '242200001', '243300015', '246600007'),
    ('248500020', '', 0, 0.0, 0, '2024-04-05', '242200001', '243300016', '246600007'),
    ('248500021', '', 0, 0.0, 0, '2024-04-05', '242200001', '243300017', '246600007'),
    ('248500022', '', 0, 0.0, 0, '2024-04-04', '242200001', '243300015', '246600008'),
    ('248500023', '', 0, 0.0, 0, '2024-04-04', '242200001', '243300016', '246600008'),
    ('248500024', '', 0, 0.0, 0, '2024-04-04', '242200001', '243300017', '246600008'),
    ('248500025', 'Thorough customer satisfaction evaluation aimed at gauging client contentment and identifying areas for enhancement.', 75, 9.25, 1, '2024-04-07', '242200001', '243300002', '246600009'),
    ('248500026', '', 0, 0.0, 0, '2024-04-07', '242200001', '243300018', '246600009'),
    ('248500027', '', 0, 0.0, 0, '2024-04-07', '242200001', '243300019', '246600009'),
    ('248500028', 'Detailed productivity assessment to measure efficiency and effectiveness in achieving organizational goals.', 50, 9.5, 1, '2024-04-07', '242200001', '243300002', '246600010'),
    ('248500029', '', 0, 0.0, 0, '2024-04-07', '242200001', '243300018', '246600010'),
    ('248500030', '', 0, 0.0, 0, '2024-04-07', '242200001', '243300019', '246600010'),
    ('248500031', '', 0, 0.0, 0, '2024-04-07', '242200001', '243300002', '246600011'),
    ('248500032', '', 0, 0.0, 0, '2024-04-07', '242200001', '243300018', '246600011'),
    ('248500033', '', 0, 0.0, 0, '2024-04-07', '242200001', '243300019', '246600011'),
    ('248500034', '', 0, 0.0, 0, '2024-04-06', '242200001', '243300002', '246600012'),
    ('248500035', '', 0, 0.0, 0, '2024-04-06', '242200001', '243300018', '246600012'),
    ('248500036', '', 0, 0.0, 0, '2024-04-06', '242200001', '243300019', '246600012'),
    ('248500037', '', 0, 0.0, 0, '2024-04-06', '242200001', '243300002', '246600013'),
    ('248500038', '', 0, 0.0, 0, '2024-04-06', '242200001', '243300018', '246600013'),
    ('248500039', '', 0, 0.0, 0, '2024-04-06', '242200001', '243300019', '246600013'),
    ('248500040', '', 0, 0.0, 0, '2024-04-05', '242200001', '243300002', '246600014'),
    ('248500041', '', 0, 0.0, 0, '2024-04-05', '242200001', '243300018', '246600014'),
    ('248500042', '', 0, 0.0, 0, '2024-04-05', '242200001', '243300019', '246600014'),
    ('248500043', '', 0, 0.0, 0, '2024-04-05', '242200001', '243300002', '246600015'),
    ('248500044', '', 0, 0.0, 0, '2024-04-05', '242200001', '243300018', '246600015'),
    ('248500045', '', 0, 0.0, 0, '2024-04-05', '242200001', '243300019', '246600015'),
    ('248500046', '', 0, 0.0, 0, '2024-04-04', '242200001', '243300002', '246600016'),
    ('248500047', '', 0, 0.0, 0, '2024-04-04', '242200001', '243300018', '246600016'),
    ('248500048', '', 0, 0.0, 0, '2024-04-04', '242200001', '243300019', '246600016'),
    ('248500049', 'Strategic evaluation framework for assessing long-term goals and objectives.', 100, 8.25, 1, '2024-04-07', '242200001', '243300020', '246600017'),
    ('248500050', 'Continuous performance evaluation system to provide ongoing feedback and support.', 100, 7.75, 1, '2024-04-07', '242200001', '243300020', '246600018'),
    ('248500051', 'Multi-dimensional peer evaluation process incorporating various perspectives for a holistic view.', 100, 8.25, 1, '2024-04-07', '242200001', '243300020', '246600019'),
    ('248500052', 'Quantitative customer satisfaction evaluation utilizing statistical analysis for data-driven insights.', 100, 7.75, 1, '2024-04-07', '242200001', '243300020', '246600020'),
    ('248500053', 'Qualitative productivity assessment to explore factors influencing performance beyond numerical metrics.', 100, 8.0, 1, '2024-04-07', '242200001', '243300020', '246600021'),
    ('248500054', 'Impact evaluation methodology to measure the broader effects and outcomes of interventions or programs.', 100, 8.25, 1, '2024-04-07', '242200001', '243300020', '246600022'),
    ('248500055', 'Strategic evaluation framework for assessing long-term goals and objectives.', 100, 9.25, 1, '2024-04-07', '242200001', '243300020', '246600023'),
    ('248500056', 'Continuous performance evaluation system to provide ongoing feedback and support.', 100, 9.75, 1, '2024-04-07', '242200001', '243300020', '246600024'),
    ('248500057', 'Multi-dimensional peer evaluation process incorporating various perspectives for a holistic view.', 100, 9.25, 1, '2024-04-07', '242200001', '243300020', '246600025'),
    ('248500058', 'Quantitative customer satisfaction evaluation utilizing statistical analysis for data-driven insights.', 100, 8.75, 1, '2024-04-07', '242200001', '243300020', '246600026'),
    ('248500059', 'Qualitative productivity assessment to explore factors influencing performance beyond numerical metrics.', 100, 9.25, 1, '2024-04-07', '242200001', '243300020', '246600027'),
    ('248500060', 'Impact evaluation methodology to measure the broader effects and outcomes of interventions or programs.', 100, 9.75, 1, '2024-04-07', '242200001', '243300020', '246600028'),
	('248500061', 'Thorough customer satisfaction evaluation aimed at gauging client contentment and identifying areas for enhancement.', 75, 9.25, 1, '2024-04-07', '242200001', '243300002', '246600009'),
    ('248500062', '', 0, 0.0, 0, '2024-04-07', '242200001', '243300018', '246600009'),
	('248500063', '', 0, 0.0, 0, '2024-04-07', '242200001', '243300019', '246600009');


-- Insert data into Notification table 
INSERT INTO Notification (notificationId, title, content, type, createdAt)
VALUES
    ('249500001', 'Notification', 
        'Chris Evans has suggested the [Enhancing Software Security Through Machine Learning] project to you', 
        'Project', '2024-04-12 19:12:05'),

    ('249500002', 'Notification', 
        'David Lee has created a [Research cloud storage solutions] task in the [Implementing cloud computing solutions for efficient data storage and processing] project', 
        'Task', '2024-04-07 08:15:25'),

    ('249500003', 'Notification', 
        'David Lee evaluated you in [Research cloud storage solutions] task', 
        'Evaluation', '2024-04-07 21:34:55'),

    ('249500004', 'Notification', 
        '[Agree on solution strategy] meeting was created by [David Lee]', 
        'Meeting', '2024-05-07 19:35:15'),

    ('249500005', 'Notification', 
        'Chris Evans commeted [Reviewing potential cloud storage solutions for our needs.] about the [Research cloud storage solutions] task', 
        'Comment', '2024-04-05 17:35:24');


-- Insert JoinTeams into JoinTeam table
INSERT INTO JoinTeam (teamId, studentId, role, joinAt)
VALUES
    ('245500001', '243300001', 'Leader', '2024-03-25'),
    ('245500001', '243300002', 'Member', '2024-03-25'),
    ('245500001', '243300003', 'Member', '2024-03-25'),
    ('245500002', '243300004', 'Leader', '2024-03-25'),
    ('245500002', '243300005', 'Member', '2024-03-25'),
    ('245500002', '243300006', 'Member', '2024-03-26'),
    ('245500003', '243300007', 'Leader', '2024-03-26'),
    ('245500003', '243300008', 'Member', '2024-03-26'),
    ('245500004', '243300009', 'Leader', '2024-03-27'),
    ('245500004', '243300010', 'Member', '2024-03-27'),
    ('245500005', '243300011', 'Leader', '2024-03-28'),
    ('245500005', '243300012', 'Member', '2024-03-28'),
    ('245500006', '243300013', 'Leader', '2024-03-20'),
    ('245500007', '243300020', 'Leader', '2024-03-20'),
    ('245500008', '243300015', 'Leader', '2024-03-21'),
    ('245500008', '243300016', 'Member', '2024-03-22'),
    ('245500008', '243300017', 'Member', '2024-03-23'),
    ('245500009', '243300018', 'Leader', '2024-03-24'),
    ('245500009', '243300002', 'Member', '2024-03-25'),
    ('245500009', '243300019', 'Member', '2024-03-25'),
    ('245500010', '243300020', 'Leader', '2024-03-26'),
    ('245500011', '243300005', 'Leader', '2024-04-08'),
    ('245500011', '243300002', 'Member', '2024-04-09'),
    ('245500011', '243300009', 'Member', '2024-04-10');


-- Insert data into ViewNotification table
INSERT INTO ViewNotification (userId, notificationId, seen)
VALUES
    ('242200001', '249500001', 0),
    ('242200001', '249500005', 0),
    ('243300002', '249500002', 0),
    ('243300002', '249500003', 0),
    ('243300002', '249500004', 0);

	   
-- Inserting data into ProjectTechnology table
INSERT INTO ProjectTechnology (projectId, technologyId)
VALUES
    -- Project 244400001 (fieldId 248800001 - Software Development)
    ('244400001', '249900001'),
    ('244400001', '249900002'),
    ('244400001', '249900003'),

    -- Project 244400002 (fieldId 248800002 - Cybersecurity)
    ('244400002', '249900013'),
    ('244400002', '249900014'),
    ('244400002', '249900015'),
    ('244400002', '249900016'),

    -- Project 244400003 (fieldId 248800003 - Data Science and Analytics)
    ('244400003', '249900037'),
    ('244400003', '249900038'),
    ('244400003', '249900039'),
    ('244400003', '249900040'),

    -- Project 244400004 (fieldId 248800004 - Artificial Intelligence and Machine Learning)
    ('244400004', '249900053'),
    ('244400004', '249900054'),
    ('244400004', '249900055'),

    -- Project 244400005 (fieldId 248800005 - Cloud Computing)
    ('244400005', '249900073'),
    ('244400005', '249900074'),
    ('244400005', '249900075'),
    ('244400005', '249900076'),

    -- Project 244400006 (fieldId 248800006 - Internet of Things)
    ('244400006', '249900095'),
    ('244400006', '249900096'),
    ('244400006', '249900097'),

    -- Project 244400007 (fieldId 248800007 - Mobile Development)
    ('244400007', '249900127'),
    ('244400007', '249900128'),
    ('244400007', '249900129'),

    -- Project 244400008 (fieldId 248800008 - Web Development)
    ('244400008', '249900148'),
    ('244400008', '249900149'),
    ('244400008', '249900150'),

    -- Project 244400009 (fieldId 248800009 - Blockchain Technology)
    ('244400009', '249900207'),
    ('244400009', '249900208'),
    ('244400009', '249900209'),
    ('244400009', '249900210'),

    -- Project 244400010 (fieldId 248800010 - Human Computer Interaction)
    ('244400010', '249900245'),
    ('244400010', '249900246'),
    ('244400010', '249900247'),
    ('244400010', '249900248');


-- Insert data into TaskStudent table
INSERT INTO TaskStudent (taskId, studentId)
VALUES
    ('246600001', '243300015'),
    ('246600001', '243300016'),
    ('246600001', '243300017'),
    ('246600002', '243300015'),
    ('246600002', '243300016'),
    ('246600002', '243300017'),
    ('246600003', '243300015'),
    ('246600003', '243300016'),
    ('246600003', '243300017'),
    ('246600004', '243300015'),
    ('246600004', '243300016'),
    ('246600004', '243300017'),
    ('246600005', '243300015'),
    ('246600005', '243300016'),
    ('246600005', '243300017'),
    ('246600006', '243300015'),
    ('246600006', '243300016'),
    ('246600006', '243300017'),
    ('246600007', '243300015'),
    ('246600007', '243300016'),
    ('246600007', '243300017'),
    ('246600008', '243300015'),
    ('246600008', '243300016'),
    ('246600008', '243300017');

INSERT INTO TaskStudent (taskId, studentId)
VALUES
    ('246600009', '243300002'),
    ('246600009', '243300018'),
    ('246600009', '243300019'),
    ('246600010', '243300002'),
    ('246600010', '243300018'),
    ('246600010', '243300019'),
    ('246600011', '243300002'),
    ('246600011', '243300018'),
    ('246600011', '243300019'),
    ('246600012', '243300002'),
    ('246600012', '243300018'),
    ('246600012', '243300019'),
    ('246600013', '243300002'),
    ('246600013', '243300018'),
    ('246600013', '243300019'),
    ('246600014', '243300002'),
    ('246600014', '243300018'),
    ('246600014', '243300019'),
    ('246600015', '243300002'),
    ('246600015', '243300018'),
    ('246600015', '243300019'),
    ('246600016', '243300002'),
    ('246600016', '243300018'),
    ('246600016', '243300019');

INSERT INTO TaskStudent (taskId, studentId)
VALUES
    ('246600017', '243300020'),
    ('246600018', '243300020'),
    ('246600019', '243300020'),
    ('246600020', '243300020'),
    ('246600021', '243300020'),
    ('246600022', '243300020');

INSERT INTO TaskStudent (taskId, studentId)
VALUES
    ('246600023', '243300020'),
    ('246600024', '243300020'),
    ('246600025', '243300020'),
    ('246600026', '243300020'),
    ('246600027', '243300020'),
    ('246600028', '243300020');
	

-- Insert data into GiveUp table
INSERT INTO GiveUp (projectId, userId, reason, createdAt, status)
VALUES
	('244400008', '243300002', 'Not enough energy and resources to continue', '2024-04-15 19:30:45', 'Accepted');


-- Insert data into FavouriteProject table
INSERT INTO FavoriteProject(userId, projectId)
VALUES
	('242200001', '244400001'),
	('242200001', '244400003'),
	('242200001', '244400005'),
	('242200001', '244400006'),
	('242200001', '244400007'),
	('242200001', '244400008'),
	('242200001', '244400009'),
	('243300002', '244400002'),
	('243300002', '244400003'),
	('243300002', '244400009'),
	('243300002', '244400010');


-- Insert data into FavouriteTask table for Lecture
INSERT INTO FavoriteTask(userId, taskId)
VALUES
	('242200001', '246600001'),
	('242200001', '246600003'),
	('242200001', '246600004'),
	('242200001', '246600008'),
	('242200001', '246600009'),
	('242200001', '246600010'),
	('242200001', '246600012'),
	('242200001', '246600014'),
	('242200001', '246600016'),
	('242200001', '246600017'),
	('242200001', '246600018'),
	('242200001', '246600020'),
	('242200001', '246600022'),
	('242200001', '246600023'),
	('242200001', '246600024'),
	('242200001', '246600026'),
	('242200001', '246600028');

-- Insert data into FavouriteTask table for Student
INSERT INTO FavoriteTask(userId, taskId)
VALUES
	('243300002', '246600001'),
	('243300002', '246600003'),
	('243300002', '246600004'),
	('243300002', '246600008'),
	('243300002', '246600009'),
	('243300002', '246600010'),
	('243300002', '246600012'),
	('243300002', '246600014'),
	('243300002', '246600016'),
	('243300002', '246600017'),
	('243300002', '246600018'),
	('243300002', '246600020'),
	('243300002', '246600022'),
	('243300002', '246600023'),
	('243300002', '246600024'),
	('243300002', '246600026'),
	('243300002', '246600028');


-- Insert data into FavouriteNotification table for Lecture
INSERT INTO FavoriteNotification(userId, notificationId)
VALUES
	('242200001', '249500001'),
	('242200001', '249500005');

-- Insert data into FavouriteNotification table for Student
INSERT INTO FavoriteNotification(userId, notificationId)
VALUES
	('243300002', '249500002'),
	('243300002', '249500004');


-- Insert data into FieldTechnology table
INSERT INTO FieldTechnology (fieldId, technologyId) VALUES
    -- Software Development
    ('248800001', '249900001'),
    ('248800001', '249900002'),
    ('248800001', '249900003'),
    ('248800001', '249900004'),
    ('248800001', '249900005'),
    ('248800001', '249900006'),
    ('248800001', '249900007'),
    ('248800001', '249900008'),
    ('248800001', '249900009'),
    ('248800001', '249900010'),
    ('248800001', '249900011'),
    ('248800001', '249900012'),
    -- Cybersecurity
    ('248800002', '249900013'),
    ('248800002', '249900014'),
    ('248800002', '249900015'),
    ('248800002', '249900016'),
    ('248800002', '249900017'),
    ('248800002', '249900018'),
    ('248800002', '249900019'),
    ('248800002', '249900020'),
    ('248800002', '249900021'),
    ('248800002', '249900022'),
    ('248800002', '249900023'),
    ('248800002', '249900024'),
    ('248800002', '249900025'),
    ('248800002', '249900026'),
    ('248800002', '249900027'),
    ('248800002', '249900028'),
    ('248800002', '249900029'),
    ('248800002', '249900030'),
    ('248800002', '249900031'),
    ('248800002', '249900032'),
    ('248800002', '249900033'),
    ('248800002', '249900034'),
    ('248800002', '249900035'),
    ('248800002', '249900036'),
    -- Data Science and Analytics
    ('248800003', '249900037'),
    ('248800003', '249900038'),
    ('248800003', '249900039'),
    ('248800003', '249900040'),
    ('248800003', '249900041'),
    ('248800003', '249900042'),
    ('248800003', '249900043'),
    ('248800003', '249900044'),
    ('248800003', '249900045'),
    ('248800003', '249900046'),
    ('248800003', '249900047'),
    ('248800003', '249900048'),
    ('248800003', '249900049'),
    ('248800003', '249900050'),
    ('248800003', '249900051'),
    ('248800003', '249900052'),
    -- Artificial Intelligence and Machine Learning
    ('248800004', '249900053'),
    ('248800004', '249900054'),
    ('248800004', '249900055'),
    ('248800004', '249900056'),
    ('248800004', '249900057'),
    ('248800004', '249900058'),
    ('248800004', '249900059'),
    ('248800004', '249900060'),
    ('248800004', '249900061'),
    ('248800004', '249900062'),
    ('248800004', '249900063'),
    ('248800004', '249900064'),
    ('248800004', '249900065'),
    ('248800004', '249900066'),
    ('248800004', '249900067'),
    ('248800004', '249900068'),
    ('248800004', '249900069'),
    ('248800004', '249900070'),
    ('248800004', '249900071'),
    ('248800004', '249900072'),
    -- Cloud Computing
    ('248800005', '249900073'),
    ('248800005', '249900074'),
    ('248800005', '249900075'),
    ('248800005', '249900076'),
    ('248800005', '249900077'),
    ('248800005', '249900078'),
    ('248800005', '249900079'),
    ('248800005', '249900080'),
    ('248800005', '249900081'),
    ('248800005', '249900082'),
    ('248800005', '249900083'),
    ('248800005', '249900084'),
    ('248800005', '249900085'),
    ('248800005', '249900086'),
    ('248800005', '249900087'),
    ('248800005', '249900088'),
    ('248800005', '249900089'),
    ('248800005', '249900090'),
    ('248800005', '249900091'),
    ('248800005', '249900092'),
    ('248800005', '249900093'),
    ('248800005', '249900094'),
	-- Internet of Things
    ('248800006', '249900095'),
    ('248800006', '249900096'),
    ('248800006', '249900097'),
    ('248800006', '249900098'),
    ('248800006', '249900099'),
    ('248800006', '249900100'),
    ('248800006', '249900101'),
    ('248800006', '249900102'),
    ('248800006', '249900103'),
    ('248800006', '249900104'),
    ('248800006', '249900105'),
    ('248800006', '249900106'),
    ('248800006', '249900107'),
    ('248800006', '249900108'),
    ('248800006', '249900109'),
    ('248800006', '249900110'),
    ('248800006', '249900111'),
    ('248800006', '249900112'),
    ('248800006', '249900113'),
    ('248800006', '249900114'),
    ('248800006', '249900115'),
    ('248800006', '249900116'),
    ('248800006', '249900117'),
    ('248800006', '249900118'),
    ('248800006', '249900119'),
    ('248800006', '249900120'),
    ('248800006', '249900121'),
    ('248800006', '249900122'),
    ('248800006', '249900123'),
    ('248800006', '249900124'),
    ('248800006', '249900125'),
    ('248800006', '249900126'),
    -- Mobile Development
    ('248800007', '249900127'),
    ('248800007', '249900128'),
    ('248800007', '249900129'),
    ('248800007', '249900130'),
    ('248800007', '249900131'),
    ('248800007', '249900132'),
    ('248800007', '249900133'),
    ('248800007', '249900134'),
    ('248800007', '249900135'),
    ('248800007', '249900136'),
    ('248800007', '249900137'),
    ('248800007', '249900138'),
    ('248800007', '249900139'),
    ('248800007', '249900140'),
    ('248800007', '249900141'),
    ('248800007', '249900142'),
    ('248800007', '249900143'),
    ('248800007', '249900144'),
    ('248800007', '249900145'),
    ('248800007', '249900146'),
    ('248800007', '249900147'),
    -- Web Development
    ('248800008', '249900148'),
    ('248800008', '249900149'),
    ('248800008', '249900150'),
    ('248800008', '249900151'),
    ('248800008', '249900152'),
    ('248800008', '249900153'),
    ('248800008', '249900154'),
    ('248800008', '249900155'),
    ('248800008', '249900156'),
    ('248800008', '249900157'),
    ('248800008', '249900158'),
    ('248800008', '249900159'),
    ('248800008', '249900160'),
    ('248800008', '249900161'),
    ('248800008', '249900162'),
    ('248800008', '249900163'),
    ('248800008', '249900164'),
    ('248800008', '249900165'),
    ('248800008', '249900166'),
    ('248800008', '249900167'),
    ('248800008', '249900168'),
    ('248800008', '249900169'),
    ('248800008', '249900170'),
    ('248800008', '249900171'),
    ('248800008', '249900172'),
    ('248800008', '249900173'),
    ('248800008', '249900174'),
    ('248800008', '249900175'),
    ('248800008', '249900176'),
    ('248800008', '249900177'),
    ('248800008', '249900178'),
    ('248800008', '249900179'),
    ('248800008', '249900180'),
    ('248800008', '249900181'),
    ('248800008', '249900182'),
	('248800008', '249900183'),
    ('248800008', '249900184'),
	('248800008', '249900185'),
    ('248800008', '249900186'),
    ('248800008', '249900187'),
    ('248800008', '249900188'),
    ('248800008', '249900189'),
    ('248800008', '249900190'),
    ('248800008', '249900191'),
    ('248800008', '249900192'),
    ('248800008', '249900193'),
    ('248800008', '249900194'),
    ('248800008', '249900195'),
    ('248800008', '249900196'),
    ('248800008', '249900197'),
    ('248800008', '249900198'),
    ('248800008', '249900199'),
    ('248800008', '249900200'),
    ('248800008', '249900201'),
    ('248800008', '249900202'),
    ('248800008', '249900203'),
    ('248800008', '249900204'),
    ('248800008', '249900205'),
    ('248800008', '249900206'),
	-- Blockchain Technology
	('248800009', '249900207'),
    ('248800009', '249900208'),
    ('248800009', '249900209'),
    ('248800009', '249900210'),
    ('248800009', '249900211'),
    ('248800009', '249900212'),
    ('248800009', '249900213'),
    ('248800009', '249900214'),
    ('248800009', '249900215'),
    ('248800009', '249900216'),
    ('248800009', '249900217'),
    ('248800009', '249900218'),
    ('248800009', '249900219'),
    ('248800009', '249900220'),
    ('248800009', '249900221'),
    ('248800009', '249900222'),
    ('248800009', '249900223'),
    ('248800009', '249900224'),
    ('248800009', '249900225'),
    ('248800009', '249900226'),
    ('248800009', '249900227'),
    ('248800009', '249900228'),
    ('248800009', '249900229'),
    ('248800009', '249900230'),
    ('248800009', '249900231'),
    ('248800009', '249900232'),
    ('248800009', '249900233'),
    ('248800009', '249900234'),
    ('248800009', '249900235'),
    ('248800009', '249900236'),
    ('248800009', '249900237'),
    ('248800009', '249900238'),
    ('248800009', '249900239'),
    ('248800009', '249900240'),
    ('248800009', '249900241'),
    ('248800009', '249900242'),
    ('248800009', '249900243'),
    ('248800009', '249900244'),
	-- Human Computer Interaction
	('248800010', '249900245'),
    ('248800010', '249900246'),
    ('248800010', '249900247'),
    ('248800010', '249900248'),
    ('248800010', '249900249'),
    ('248800010', '249900250'),
    ('248800010', '249900251'),
    ('248800010', '249900252'),
    ('248800010', '249900253'),
    ('248800010', '249900254'),
    ('248800010', '249900255'),
    ('248800010', '249900256'),
    ('248800010', '249900257'),
    ('248800010', '249900258'),
    ('248800010', '249900259'),
    ('248800010', '249900260'),
    ('248800010', '249900261'),
    ('248800010', '249900262'),
    ('248800010', '249900263'),
    ('248800010', '249900264'),
    ('248800010', '249900265'),
    ('248800010', '249900266'),
    ('248800010', '249900267'),
    ('248800010', '249900268'),
    ('248800010', '249900269'),
    ('248800010', '249900270'),
    ('248800010', '249900271'),
    ('248800010', '249900272'),
    ('248800010', '249900273'),
    ('248800010', '249900274'),
    ('248800010', '249900275'),
    ('248800010', '249900276'),
    ('248800010', '249900277'),
    ('248800010', '249900278'),
    ('248800010', '249900279'),
    ('248800010', '249900280'),
    ('248800010', '249900281'),
    ('248800010', '249900282'),
    ('248800010', '249900283'),
    ('248800010', '249900284'),
    ('248800010', '249900285'),
    ('248800010', '249900286'),
    ('248800010', '249900287'),
	-- Computer Networking
	('248800011', '249900288'),
    ('248800011', '249900289'),
    ('248800011', '249900290'),
    ('248800011', '249900291'),
    ('248800011', '249900292'),
    ('248800011', '249900293'),
    ('248800011', '249900294'),
    ('248800011', '249900295'),
    ('248800011', '249900296'),
    ('248800011', '249900297'),
    ('248800011', '249900298'),
    ('248800011', '249900299'),
    ('248800011', '249900300'),
    ('248800011', '249900301'),
    ('248800011', '249900302'),
    ('248800011', '249900303'),
    ('248800011', '249900304'),
    ('248800011', '249900305'),
    ('248800011', '249900306'),
    ('248800011', '249900307'),
    ('248800011', '249900308'),
    ('248800011', '249900309'),
    ('248800011', '249900310'),
    ('248800011', '249900311'),
    ('248800011', '249900312'),
    ('248800011', '249900313'),
    ('248800011', '249900314'),
    ('248800011', '249900315'),
    ('248800011', '249900316'),
    ('248800011', '249900317'),
    ('248800011', '249900318'),
    ('248800011', '249900319'),
    ('248800011', '249900320'),
    ('248800011', '249900321'),
    ('248800011', '249900322'),
    ('248800011', '249900323'),
    ('248800011', '249900324'),
    ('248800011', '249900325'),
    ('248800011', '249900326'),
    ('248800011', '249900327'),
    ('248800011', '249900328'),
    ('248800011', '249900329'),
	-- Virtual Reality And Augmented Reality
	('248800012', '249900330'),
    ('248800012', '249900331'),
    ('248800012', '249900332'),
    ('248800012', '249900333'),
    ('248800012', '249900334'),
    ('248800012', '249900335'),
    ('248800012', '249900336'),
    ('248800012', '249900337'),
    ('248800012', '249900338'),
    ('248800012', '249900339'),
    ('248800012', '249900340'),
    ('248800012', '249900341'),
    ('248800012', '249900342'),
    ('248800012', '249900343'),
    ('248800012', '249900344'),
    ('248800012', '249900345'),
    ('248800012', '249900346'),
    ('248800012', '249900347'),
    ('248800012', '249900348'),
    ('248800012', '249900349'),
    ('248800012', '249900350'),
    ('248800012', '249900351'),
    ('248800012', '249900352'),
    ('248800012', '249900353'),
    ('248800012', '249900354'),
    ('248800012', '249900355'),
    ('248800012', '249900356'),
    ('248800012', '249900357'),
    ('248800012', '249900358'),
    ('248800012', '249900359'),
    ('248800012', '249900360'),
    ('248800012', '249900361'),
    ('248800012', '249900362'),
    ('248800012', '249900363'),
    ('248800012', '249900364'),
    ('248800012', '249900365'),
    ('248800012', '249900366'),
    ('248800012', '249900367'),
    ('248800012', '249900368'),
	-- Big Data
	('248800013', '249900369'),
    ('248800013', '249900370'),
    ('248800013', '249900371'),
    ('248800013', '249900372'),
    ('248800013', '249900373'),
    ('248800013', '249900374'),
    ('248800013', '249900375'),
    ('248800013', '249900376'),
    ('248800013', '249900377'),
    ('248800013', '249900378'),
    ('248800013', '249900379'),
    ('248800013', '249900380'),
    ('248800013', '249900381'),
    ('248800013', '249900382'),
    ('248800013', '249900383'),
    ('248800013', '249900384'),
    ('248800013', '249900385'),
    ('248800013', '249900386'),
    ('248800013', '249900387'),
    ('248800013', '249900388'),
    ('248800013', '249900389'),
    ('248800013', '249900390'),
    ('248800013', '249900391'),
    ('248800013', '249900392'),
    ('248800013', '249900393'),
    ('248800013', '249900394'),
    ('248800013', '249900395'),
    ('248800013', '249900396'),
    ('248800013', '249900397'),
    ('248800013', '249900398'),
    ('248800013', '249900399'),
    ('248800013', '249900400'),
    ('248800013', '249900401'),
    ('248800013', '249900402'),
    ('248800013', '249900403'),
    ('248800013', '249900404'),
    ('248800013', '249900405'),
    ('248800013', '249900406'),
    ('248800013', '249900407'),
    ('248800013', '249900408'),
    ('248800013', '249900409'),
    ('248800013', '249900410'),
	-- Quantum Computing
	('248800014', '249900411'),
    ('248800014', '249900412'),
    ('248800014', '249900413'),
    ('248800014', '249900414'),
    ('248800014', '249900415'),
    ('248800014', '249900416'),
    ('248800014', '249900417'),
    ('248800014', '249900418'),
    ('248800014', '249900419'),
    ('248800014', '249900420'),
    ('248800014', '249900421'),
    ('248800014', '249900422'),
    ('248800014', '249900423'),
    ('248800014', '249900424'),
    ('248800014', '249900425'),
    ('248800014', '249900426'),
    ('248800014', '249900427'),
    ('248800014', '249900428'),
    ('248800014', '249900429'),
    ('248800014', '249900430'),
    ('248800014', '249900431'),
    ('248800014', '249900432'),
    ('248800014', '249900433'),
    ('248800014', '249900434'),
    ('248800014', '249900435'),
    ('248800014', '249900436'),
    ('248800014', '249900437'),
    ('248800014', '249900438'),
    ('248800014', '249900439'),
    ('248800014', '249900440'),
    ('248800014', '249900441'),
    ('248800014', '249900442'),
    ('248800014', '249900443'),
	-- Bioinformatics
	('248800015', '249900444'),
    ('248800015', '249900445'),
    ('248800015', '249900446'),
    ('248800015', '249900447'),
    ('248800015', '249900448'),
    ('248800015', '249900449'),
    ('248800015', '249900450'),
    ('248800015', '249900451'),
    ('248800015', '249900452'),
    ('248800015', '249900453'),
    ('248800015', '249900454'),
    ('248800015', '249900455'),
    ('248800015', '249900456'),
    ('248800015', '249900457'),
    ('248800015', '249900458'),
    ('248800015', '249900459'),
    ('248800015', '249900460'),
    ('248800015', '249900461'),
    ('248800015', '249900462'),
    ('248800015', '249900463'),
    ('248800015', '249900464'),
    ('248800015', '249900465'),
    ('248800015', '249900466'),
    ('248800015', '249900467'),
    ('248800015', '249900468'),
    ('248800015', '249900469'),
    ('248800015', '249900470'),
    ('248800015', '249900471'),
    ('248800015', '249900472'),
    ('248800015', '249900473'),
    ('248800015', '249900474'),
    ('248800015', '249900475'),
    ('248800015', '249900476'),
    ('248800015', '249900477'),
    ('248800015', '249900478'),
    ('248800015', '249900479'),
    ('248800015', '249900480'),
    ('248800015', '249900481'),
    ('248800015', '249900482'),
    ('248800015', '249900483'),
    ('248800015', '249900484'),
    ('248800015', '249900485'),
    ('248800015', '249900486'),
    ('248800015', '249900487');

